-- phpMyAdmin SQL Dump
-- version 4.1.14
-- http://www.phpmyadmin.net
--
-- Servidor: 127.0.0.1
-- Tiempo de generación: 21-07-2016 a las 08:47:34
-- Versión del servidor: 5.6.17
-- Versión de PHP: 5.5.12

SET SQL_MODE = "NO_AUTO_VALUE_ON_ZERO";
SET time_zone = "+00:00";


/*!40101 SET @OLD_CHARACTER_SET_CLIENT=@@CHARACTER_SET_CLIENT */;
/*!40101 SET @OLD_CHARACTER_SET_RESULTS=@@CHARACTER_SET_RESULTS */;
/*!40101 SET @OLD_COLLATION_CONNECTION=@@COLLATION_CONNECTION */;
/*!40101 SET NAMES utf8 */;

--
-- Base de datos: `univ_siadcar`
--
CREATE DATABASE IF NOT EXISTS `univ_siadcar` DEFAULT CHARACTER SET utf8 COLLATE utf8_general_ci;
USE `univ_siadcar`;

-- --------------------------------------------------------

--
-- Estructura de tabla para la tabla `clientes`
--

DROP TABLE IF EXISTS `clientes`;
CREATE TABLE IF NOT EXISTS `clientes` (
  `id` int(11) NOT NULL AUTO_INCREMENT,
  `usuario` int(11) NOT NULL,
  `ciudad` int(11) NOT NULL,
  `direccion` varchar(155) DEFAULT NULL,
  `celular` int(15) DEFAULT NULL,
  `observaciones` text,
  `estado` smallint(1) DEFAULT '1',
  PRIMARY KEY (`id`),
  KEY `fk_clientes_usuarios1_idx` (`usuario`),
  KEY `fk_clientes_lugares1_idx` (`ciudad`)
) ENGINE=InnoDB  DEFAULT CHARSET=utf8 AUTO_INCREMENT=51 ;

--
-- Volcado de datos para la tabla `clientes`
--

INSERT INTO `clientes` (`id`, `usuario`, `ciudad`, `direccion`, `celular`, `observaciones`, `estado`) VALUES
(1, 6, 296, 'Apdo.:496-2977 Quis, Avenida', 316, 'Ninguno', 1),
(2, 7, 290, '941-5796 Eu, C.', 319, 'Ninguno', 1),
(3, 8, 250, '730-2183 Tellus C.', 313, 'Ninguno', 1),
(4, 9, 296, 'Apdo.:198-8236 Fermentum C/', 315, 'Ninguno', 1),
(5, 10, 290, 'Apartado n?m.: 345, 5117 Amet Ctra.', 314, 'Ninguno', 1),
(6, 11, 269, '1387 Interdum C.', 319, 'Ninguno', 1),
(7, 12, 266, '9286 Et C/', 314, 'Ninguno', 1),
(8, 13, 326, '322-6892 Risus C/', 318, 'Ninguno', 1),
(9, 14, 266, 'Apdo.:655-4393 Lorem Carretera', 313, 'Ninguno', 1),
(10, 15, 266, 'Apartado n?m.: 283, 3188 Proin Avenida', 316, 'Ninguno', 1),
(11, 16, 326, 'Apartado n?m.: 291, 4917 Magna Calle', 314, 'Ninguno', 1),
(12, 17, 269, 'Apdo.:128-4693 Id, Avda.', 314, 'Ninguno', 1),
(13, 18, 269, '1746 Faucibus ', 313, 'Ninguno', 1),
(14, 19, 336, '405-4083 Purus C/', 319, 'Ninguno', 1),
(15, 20, 325, 'Apartado n?m.: 360, 9431 In Avenida', 317, 'Ninguno', 1),
(16, 21, 326, 'Apdo.:757-4603 Rutrum, Avda.', 319, 'Ninguno', 1),
(17, 22, 269, '5509 Placerat Avda.', 315, 'Ninguno', 1),
(18, 23, 269, '685-8236 Sed C.', 314, 'Ninguno', 1),
(19, 24, 266, '2201 Facilisis Avda.', 318, 'Ninguno', 1),
(20, 25, 290, '288-632 Lorem Avenida', 317, 'Ninguno', 1),
(21, 26, 250, '293-4925 Vel, Avenida', 315, 'Ninguno', 1),
(22, 27, 240, 'Apdo.:579-7724 Aliquet, Avda.', 313, 'Ninguno', 1),
(23, 28, 240, 'Apartado n?m.: 794, 4633 Dis Avenida', 317, 'Ninguno', 1),
(24, 29, 240, 'Apdo.:648-8445 Ac ', 315, 'Ninguno', 1),
(25, 30, 296, 'Apdo.:668-2314 At, Av.', 313, 'Ninguno', 1),
(26, 31, 266, 'Apartado n?m.: 444, 2172 Sociis Avenida', 312, 'Ninguno', 1),
(27, 32, 301, 'Apartado n?m.: 178, 4230 Semper Ctra.', 311, 'Ninguno', 1),
(28, 33, 250, '419-4528 Commodo Av.', 314, 'Ninguno', 1),
(29, 34, 250, 'Apartado n?m.: 886, 8001 Dolor, Avenida', 311, 'Ninguno', 1),
(30, 35, 336, '510-3576 Egestas Av.', 313, 'Ninguno', 1),
(31, 36, 240, 'Apdo.:771-1141 Ultricies Carretera', 315, 'Ninguno', 1),
(32, 37, 326, 'Apdo.:419-7522 Eget Calle', 312, 'Ninguno', 1),
(33, 38, 336, 'Apartado n?m.: 157, 1374 Amet Avda.', 315, 'Ninguno', 1),
(34, 39, 240, '330-561 Mauris Avenida', 318, 'Ninguno', 1),
(35, 40, 250, 'Apartado n?m.: 211, 6976 Cras ', 314, 'Ninguno', 1),
(36, 41, 269, 'Apdo.:833-4748 Auctor Avda.', 316, 'Ninguno', 1),
(37, 42, 290, 'Apdo.:857-3444 Nec Ctra.', 310, 'Ninguno', 1),
(38, 43, 336, 'Apdo.:574-6017 Sem ', 317, 'Ninguno', 1),
(39, 44, 336, '649-375 Sed C/', 319, 'Ninguno', 1),
(40, 45, 250, '4922 Tincidunt ', 314, 'Ninguno', 1),
(41, 46, 266, '648-4128 Molestie Avenida', 316, 'Ninguno', 1),
(42, 47, 250, '7815 Odio C.', 318, 'Ninguno', 1),
(43, 48, 301, 'Apdo.:971-5277 Libero. Calle', 317, 'Ninguno', 1),
(44, 49, 296, 'Apartado n?m.: 915, 194 Velit ', 316, 'Ninguno', 1),
(45, 50, 290, 'Apartado n?m.: 648, 3076 Euismod ', 318, 'Ninguno', 1),
(46, 51, 301, 'Apdo.:196-9627 Erat. Ctra.', 318, 'Ninguno', 1),
(47, 52, 326, 'Apdo.:337-8929 Et, Avda.', 316, 'Ninguno', 1),
(48, 53, 296, 'Apdo.:754-9085 Sem Avda.', 313, 'Ninguno', 1),
(49, 54, 336, '409-7360 Commodo ', 311, 'Ninguno', 1),
(50, 55, 325, '172-6510 Enim Avda.', 314, 'Ninguno', 1);

-- --------------------------------------------------------

--
-- Estructura de tabla para la tabla `elementos_vehiculo`
--

DROP TABLE IF EXISTS `elementos_vehiculo`;
CREATE TABLE IF NOT EXISTS `elementos_vehiculo` (
  `id` int(11) NOT NULL AUTO_INCREMENT,
  `nombre` varchar(65) NOT NULL,
  PRIMARY KEY (`id`)
) ENGINE=InnoDB  DEFAULT CHARSET=utf8 AUTO_INCREMENT=10 ;

--
-- Volcado de datos para la tabla `elementos_vehiculo`
--

INSERT INTO `elementos_vehiculo` (`id`, `nombre`) VALUES
(1, 'Llanta de refacción'),
(2, 'Gato'),
(3, 'Reflejantes'),
(4, 'Herramienta'),
(5, 'Cables Pasa Corriente'),
(6, 'Tarjeta Circulacion'),
(7, 'Encendedor'),
(8, 'Extintor'),
(9, 'Tapetes');

-- --------------------------------------------------------

--
-- Estructura de tabla para la tabla `lugares`
--

DROP TABLE IF EXISTS `lugares`;
CREATE TABLE IF NOT EXISTS `lugares` (
  `id` int(11) NOT NULL,
  `nombre` varchar(155) NOT NULL,
  `tipo` int(11) NOT NULL,
  `depende` int(11) DEFAULT NULL,
  `estado` smallint(1) DEFAULT '1',
  PRIMARY KEY (`id`),
  KEY `fk_lugares_tipos_lugar1_idx` (`tipo`),
  KEY `fk_lugares_lugares1_idx` (`depende`)
) ENGINE=InnoDB DEFAULT CHARSET=utf8;

--
-- Volcado de datos para la tabla `lugares`
--

INSERT INTO `lugares` (`id`, `nombre`, `tipo`, `depende`, `estado`) VALUES
(1, 'COLOMBIA', 1, NULL, 1),
(2, 'ANTIOQUIA', 2, 1, 1),
(3, 'ARAUCA', 2, 1, 1),
(4, 'ATLÁNTICO', 2, 1, 1),
(5, 'BOLÍVAR', 2, 1, 1),
(6, 'BOYACÁ', 2, 1, 1),
(7, 'CALDAS', 2, 1, 1),
(8, 'CAQUETÁ', 2, 1, 1),
(9, 'CASANARE', 2, 1, 1),
(10, 'CAUCA', 2, 1, 1),
(11, 'CESAR', 2, 1, 1),
(12, 'CHOCÓ', 2, 1, 1),
(13, 'CÓRDOBA', 2, 1, 1),
(14, 'CUNDINAMARCA', 2, 1, 1),
(15, 'GUAINÍA', 2, 1, 1),
(16, 'GUAVIARE', 2, 1, 1),
(17, 'HUILA', 2, 1, 1),
(18, 'LA GUAJIRA', 2, 1, 1),
(19, 'MAGDALENA', 2, 1, 1),
(20, 'META', 2, 1, 1),
(21, 'NARIÑO', 2, 1, 1),
(22, 'NORTE DE SANTANDER', 2, 1, 1),
(23, 'PUTUMAYO', 2, 1, 1),
(24, 'QUINDÍO', 2, 1, 1),
(25, 'RISARALDA', 2, 1, 1),
(26, 'SAN ANDRÉS Y ROVIDENCIA', 2, 1, 1),
(27, 'SANTANDER', 2, 1, 1),
(28, 'SUCRE', 2, 1, 1),
(29, 'TOLIMA', 2, 1, 1),
(30, 'VALLE DEL CAUCA', 2, 1, 1),
(31, 'VAUPÉS', 2, 1, 1),
(32, 'VICHADA', 2, 1, 1),
(33, 'AMAZONAS', 2, 1, 1),
(34, 'ABEJORRAL', 3, 2, 1),
(35, 'ABRIAQUI', 3, 2, 1),
(36, 'ALEJANDRIA', 3, 2, 1),
(37, 'AMAGA', 3, 2, 1),
(38, 'AMALFI', 3, 2, 1),
(39, 'ANDES', 3, 2, 1),
(40, 'ANGELOPOLIS', 3, 2, 1),
(41, 'ANGOSTURA', 3, 2, 1),
(42, 'ANORI', 3, 2, 1),
(43, 'ANTIOQUIA', 3, 2, 1),
(44, 'ANZA', 3, 2, 1),
(45, 'APARTADO', 3, 2, 1),
(46, 'ARBOLETES', 3, 2, 1),
(47, 'ARGELIA', 3, 2, 1),
(48, 'ARMENIA', 3, 2, 1),
(49, 'BARBOSA', 3, 2, 1),
(50, 'BELLO', 3, 2, 1),
(51, 'BELMIRA', 3, 2, 1),
(52, 'BETANIA', 3, 2, 1),
(53, 'BETULIA', 3, 2, 1),
(54, 'BOLIVAR', 3, 2, 1),
(55, 'BRICEÑO', 3, 2, 1),
(56, 'BURITICA', 3, 2, 1),
(57, 'CACERES', 3, 2, 1),
(58, 'CAICEDO', 3, 2, 1),
(59, 'CALDAS', 3, 2, 1),
(60, 'CAMPAMENTO', 3, 2, 1),
(61, 'CANASGORDAS', 3, 2, 1),
(62, 'CARACOLI', 3, 2, 1),
(63, 'CARAMANTA', 3, 2, 1),
(64, 'CAREPA', 3, 2, 1),
(65, 'CARMEN DE VIBORAL', 3, 2, 1),
(66, 'CAROLINA DEL PRINCIPE', 3, 2, 1),
(67, 'CAUCASIA', 3, 2, 1),
(68, 'CHIGORODO', 3, 2, 1),
(69, 'CISNEROS', 3, 2, 1),
(70, 'COCORNA', 3, 2, 1),
(71, 'CONCEPCION', 3, 2, 1),
(72, 'CONCORDIA', 3, 2, 1),
(73, 'COPACABANA', 3, 2, 1),
(74, 'DABEIBA', 3, 2, 1),
(75, 'DONMATIAS', 3, 2, 1),
(76, 'EBEJICO', 3, 2, 1),
(77, 'EL BAGRE', 3, 2, 1),
(78, 'EL PENOL', 3, 2, 1),
(79, 'EL RETIRO', 3, 2, 1),
(80, 'ENTRERRIOS', 3, 2, 1),
(81, 'ENVIGADO', 3, 2, 1),
(82, 'FREDONIA', 3, 2, 1),
(83, 'FRONTINO', 3, 2, 1),
(84, 'GIRALDO', 3, 2, 1),
(85, 'GIRARDOTA', 3, 2, 1),
(86, 'GOMEZ PLATA', 3, 2, 1),
(87, 'GRANADA', 3, 2, 1),
(88, 'GUADALUPE', 3, 2, 1),
(89, 'GUARNE', 3, 2, 1),
(90, 'GUATAQUE', 3, 2, 1),
(91, 'HELICONIA', 3, 2, 1),
(92, 'HISPANIA', 3, 2, 1),
(93, 'ITAGUI', 3, 2, 1),
(94, 'ITUANGO', 3, 2, 1),
(95, 'JARDIN', 3, 2, 1),
(96, 'JERICO', 3, 2, 1),
(97, 'LA CEJA', 3, 2, 1),
(98, 'LA ESTRELLA', 3, 2, 1),
(99, 'LA PINTADA', 3, 2, 1),
(100, 'LA UNION', 3, 2, 1),
(101, 'LIBORINA', 3, 2, 1),
(102, 'MACEO', 3, 2, 1),
(103, 'MARINILLA', 3, 2, 1),
(104, 'MEDELLIN', 3, 2, 1),
(105, 'MONTEBELLO', 3, 2, 1),
(106, 'MURINDO', 3, 2, 1),
(107, 'MUTATA', 3, 2, 1),
(108, 'NARINO', 3, 2, 1),
(109, 'NECHI', 3, 2, 1),
(110, 'NECOCLI', 3, 2, 1),
(111, 'OLAYA', 3, 2, 1),
(112, 'PEQUE', 3, 2, 1),
(113, 'PUEBLORRICO', 3, 2, 1),
(114, 'PUERTO BERRIO', 3, 2, 1),
(115, 'PUERTO NARE', 3, 2, 1),
(116, 'PUERTO TRIUNFO', 3, 2, 1),
(117, 'REMEDIOS', 3, 2, 1),
(118, 'RIONEGRO', 3, 2, 1),
(119, 'SABANALARGA', 3, 2, 1),
(120, 'SABANETA', 3, 2, 1),
(121, 'SALGAR', 3, 2, 1),
(122, 'SAN ANDRES DE CUERQUIA', 3, 2, 1),
(123, 'SAN CARLOS', 3, 2, 1),
(124, 'SAN FRANCISCO', 3, 2, 1),
(125, 'SAN JERONIMO', 3, 2, 1),
(126, 'SAN JOSE DE LA MONTAÑA', 3, 2, 1),
(127, 'SAN JUAN DE URABA', 3, 2, 1),
(128, 'SAN LUIS', 3, 2, 1),
(129, 'SAN PEDRO DE LOS MILAGROS', 3, 2, 1),
(130, 'SAN PEDRO DE URABA', 3, 2, 1),
(131, 'SAN RAFAEL', 3, 2, 1),
(132, 'SAN ROQUE', 3, 2, 1),
(133, 'SAN VICENTE', 3, 2, 1),
(134, 'SANTA BARBARA', 3, 2, 1),
(135, 'SANTA ROSA DE OSOS', 3, 2, 1),
(136, 'SANTO DOMINGO', 3, 2, 1),
(137, 'SANTUARIO', 3, 2, 1),
(138, 'SEGOVIA', 3, 2, 1),
(139, 'SONSON', 3, 2, 1),
(140, 'SOPETRAN', 3, 2, 1),
(141, 'TAMESIS', 3, 2, 1),
(142, 'TARAZA', 3, 2, 1),
(143, 'TARSO', 3, 2, 1),
(144, 'TITIRIBI', 3, 2, 1),
(145, 'TOLEDO', 3, 2, 1),
(146, 'TURBO', 3, 2, 1),
(147, 'URAMITA', 3, 2, 1),
(148, 'URRAO', 3, 2, 1),
(149, 'VALDIVIA', 3, 2, 1),
(150, 'VALPARAISO', 3, 2, 1),
(151, 'VEGACHI', 3, 2, 1),
(152, 'VENECIA', 3, 2, 1),
(153, 'VIGIA DEL FUERTE', 3, 2, 1),
(154, 'YALI', 3, 2, 1),
(155, 'YARUMAL', 3, 2, 1),
(156, 'YOLOMBO', 3, 2, 1),
(157, 'YONDO', 3, 2, 1),
(158, 'ZARAGOZA', 3, 2, 1),
(159, 'ARAUCA', 3, 3, 1),
(160, 'ARAUQUITA', 3, 3, 1),
(161, 'CRAVO NORTE', 3, 3, 1),
(162, 'FORTUL', 3, 3, 1),
(163, 'PUERTO RONDON', 3, 3, 1),
(164, 'SARAVENA', 3, 3, 1),
(165, 'TAME', 3, 3, 1),
(166, 'BARANOA', 3, 4, 1),
(167, 'BARRANQUILLA', 3, 4, 1),
(168, 'CAMPO DE LA CRUZ', 3, 4, 1),
(169, 'CANDELARIA', 3, 4, 1),
(170, 'GALAPA', 3, 4, 1),
(171, 'JUAN DE ACOSTA', 3, 4, 1),
(172, 'LURUACO', 3, 4, 1),
(173, 'MALAMBO', 3, 4, 1),
(174, 'MANATI', 3, 4, 1),
(175, 'PALMAR DE VARELA', 3, 4, 1),
(176, 'PIOJO', 3, 4, 1),
(177, 'POLO NUEVO', 3, 4, 1),
(178, 'PONEDERA', 3, 4, 1),
(179, 'PUERTO COLOMBIA', 3, 4, 1),
(180, 'REPELON', 3, 4, 1),
(181, 'SABANAGRANDE', 3, 4, 1),
(182, 'SABANALARGA', 3, 4, 1),
(183, 'SANTA LUCIA', 3, 4, 1),
(184, 'SANTO TOMAS', 3, 4, 1),
(185, 'SOLEDAD', 3, 4, 1),
(186, 'SUAN', 3, 4, 1),
(187, 'TUBARA', 3, 4, 1),
(188, 'USIACURI', 3, 4, 1),
(189, 'ACHI', 3, 5, 1),
(190, 'ALTOS DEL ROSARIO', 3, 5, 1),
(191, 'ARENAL', 3, 5, 1),
(192, 'ARJONA', 3, 5, 1),
(193, 'ARROYOHONDO', 3, 5, 1),
(194, 'BARRANCO DE LOBA', 3, 5, 1),
(195, 'BRAZUELO DE PAPAYAL', 3, 5, 1),
(196, 'CALAMAR', 3, 5, 1),
(197, 'CANTAGALLO', 3, 5, 1),
(198, 'CARTAGENA DE INDIAS', 3, 5, 1),
(199, 'CICUCO', 3, 5, 1),
(200, 'CLEMENCIA', 3, 5, 1),
(201, 'CORDOBA', 3, 5, 1),
(202, 'EL CARMEN DE BOLIVAR', 3, 5, 1),
(203, 'EL GUAMO', 3, 5, 1),
(204, 'EL PENION', 3, 5, 1),
(205, 'HATILLO DE LOBA', 3, 5, 1),
(206, 'MAGANGUE', 3, 5, 1),
(207, 'MAHATES', 3, 5, 1),
(208, 'MARGARITA', 3, 5, 1),
(209, 'MARIA LA BAJA', 3, 5, 1),
(210, 'MONTECRISTO', 3, 5, 1),
(211, 'MORALES', 3, 5, 1),
(212, 'MORALES', 3, 5, 1),
(213, 'NOROSI', 3, 5, 1),
(214, 'PINILLOS', 3, 5, 1),
(215, 'REGIDOR', 3, 5, 1),
(216, 'RIO VIEJO', 3, 5, 1),
(217, 'SAN CRISTOBAL', 3, 5, 1),
(218, 'SAN ESTANISLAO', 3, 5, 1),
(219, 'SAN FERNANDO', 3, 5, 1),
(220, 'SAN JACINTO', 3, 5, 1),
(221, 'SAN JACINTO DEL CAUCA', 3, 5, 1),
(222, 'SAN JUAN DE NEPOMUCENO', 3, 5, 1),
(223, 'SAN MARTIN DE LOBA', 3, 5, 1),
(224, 'SAN PABLO', 3, 5, 1),
(225, 'SAN PABLO NORTE', 3, 5, 1),
(226, 'SANTA CATALINA', 3, 5, 1),
(227, 'SANTA CRUZ DE MOMPOX', 3, 5, 1),
(228, 'SANTA ROSA', 3, 5, 1),
(229, 'SANTA ROSA DEL SUR', 3, 5, 1),
(230, 'SIMITI', 3, 5, 1),
(231, 'SOPLAVIENTO', 3, 5, 1),
(232, 'TALAIGUA NUEVO', 3, 5, 1),
(233, 'TUQUISIO', 3, 5, 1),
(234, 'TURBACO', 3, 5, 1),
(235, 'TURBANA', 3, 5, 1),
(236, 'VILLANUEVA', 3, 5, 1),
(237, 'ZAMBRANO', 3, 5, 1),
(238, 'AQUITANIA', 3, 6, 1),
(239, 'ARCABUCO', 3, 6, 1),
(240, 'BELÉN', 3, 6, 1),
(241, 'BERBEO', 3, 6, 1),
(242, 'BETÉITIVA', 3, 6, 1),
(243, 'BOAVITA', 3, 6, 1),
(244, 'BOYACÁ', 3, 6, 1),
(245, 'BRICEÑO', 3, 6, 1),
(246, 'BUENAVISTA', 3, 6, 1),
(247, 'BUSBANZÁ', 3, 6, 1),
(248, 'CALDAS', 3, 6, 1),
(249, 'CAMPO HERMOSO', 3, 6, 1),
(250, 'CERINZA', 3, 6, 1),
(251, 'CHINAVITA', 3, 6, 1),
(252, 'CHIQUINQUIRÁ', 3, 6, 1),
(253, 'CHÍQUIZA', 3, 6, 1),
(254, 'CHISCAS', 3, 6, 1),
(255, 'CHITA', 3, 6, 1),
(256, 'CHITARAQUE', 3, 6, 1),
(257, 'CHIVATÁ', 3, 6, 1),
(258, 'CIÉNEGA', 3, 6, 1),
(259, 'CÓMBITA', 3, 6, 1),
(260, 'COPER', 3, 6, 1),
(261, 'CORRALES', 3, 6, 1),
(262, 'COVARACHÍA', 3, 6, 1),
(263, 'CUBARA', 3, 6, 1),
(264, 'CUCAITA', 3, 6, 1),
(265, 'CUITIVA', 3, 6, 1),
(266, 'DUITAMA', 3, 6, 1),
(267, 'EL COCUY', 3, 6, 1),
(268, 'EL ESPINO', 3, 6, 1),
(269, 'FIRAVITOBA', 3, 6, 1),
(270, 'FLORESTA', 3, 6, 1),
(271, 'GACHANTIVÁ', 3, 6, 1),
(272, 'GÁMEZA', 3, 6, 1),
(273, 'GARAGOA', 3, 6, 1),
(274, 'GUACAMAYAS', 3, 6, 1),
(275, 'GÜICÁN', 3, 6, 1),
(276, 'IZA', 3, 6, 1),
(277, 'JENESANO', 3, 6, 1),
(278, 'JERICÓ', 3, 6, 1),
(279, 'LA UVITA', 3, 6, 1),
(280, 'LA VICTORIA', 3, 6, 1),
(281, 'LABRANZA GRANDE', 3, 6, 1),
(282, 'MACANAL', 3, 6, 1),
(283, 'MARIPÍ', 3, 6, 1),
(284, 'MIRAFLORES', 3, 6, 1),
(285, 'MONGUA', 3, 6, 1),
(286, 'MONGUÍ', 3, 6, 1),
(287, 'MONIQUIRÁ', 3, 6, 1),
(288, 'MOTAVITA', 3, 6, 1),
(289, 'MUZO', 3, 6, 1),
(290, 'NOBSA', 3, 6, 1),
(291, 'NUEVO COLÓN', 3, 6, 1),
(292, 'OICATÁ', 3, 6, 1),
(293, 'OTANCHE', 3, 6, 1),
(294, 'PACHAVITA', 3, 6, 1),
(295, 'PÁEZ', 3, 6, 1),
(296, 'PAIPA', 3, 6, 1),
(297, 'PAJARITO', 3, 6, 1),
(298, 'PANQUEBA', 3, 6, 1),
(299, 'PAUNA', 3, 6, 1),
(300, 'PAYA', 3, 6, 1),
(301, 'PAZ DE RÍO', 3, 6, 1),
(302, 'PESCA', 3, 6, 1),
(303, 'PISBA', 3, 6, 1),
(304, 'PUERTO BOYACA', 3, 6, 1),
(305, 'QUÍPAMA', 3, 6, 1),
(306, 'RAMIRIQUÍ', 3, 6, 1),
(307, 'RÁQUIRA', 3, 6, 1),
(308, 'RONDÓN', 3, 6, 1),
(309, 'SABOYÁ', 3, 6, 1),
(310, 'SÁCHICA', 3, 6, 1),
(311, 'SAMACÁ', 3, 6, 1),
(312, 'SAN EDUARDO', 3, 6, 1),
(313, 'SAN JOSÉ DE PARE', 3, 6, 1),
(314, 'SAN LUÍS DE GACENO', 3, 6, 1),
(315, 'SAN MATEO', 3, 6, 1),
(316, 'SAN MIGUEL DE SEMA', 3, 6, 1),
(317, 'SAN PABLO DE BORBUR', 3, 6, 1),
(318, 'SANTA MARÍA', 3, 6, 1),
(319, 'SANTA ROSA DE VITERBO', 3, 6, 1),
(320, 'SANTA SOFÍA', 3, 6, 1),
(321, 'SANTANA', 3, 6, 1),
(322, 'SATIVANORTE', 3, 6, 1),
(323, 'SATIVASUR', 3, 6, 1),
(324, 'SIACHOQUE', 3, 6, 1),
(325, 'SOATÁ', 3, 6, 1),
(326, 'SOCHA', 3, 6, 1),
(327, 'SOCOTÁ', 3, 6, 1),
(328, 'SOGAMOSO', 3, 6, 1),
(329, 'SORA', 3, 6, 1),
(330, 'SORACÁ', 3, 6, 1),
(331, 'SOTAQUIRÁ', 3, 6, 1),
(332, 'SUSACÓN', 3, 6, 1),
(333, 'SUTARMACHÁN', 3, 6, 1),
(334, 'TASCO', 3, 6, 1),
(335, 'TIBANÁ', 3, 6, 1),
(336, 'TIBASOSA', 3, 6, 1),
(337, 'TINJACÁ', 3, 6, 1),
(338, 'TIPACOQUE', 3, 6, 1),
(339, 'TOCA', 3, 6, 1),
(340, 'TOGÜÍ', 3, 6, 1),
(341, 'TÓPAGA', 3, 6, 1),
(342, 'TOTA', 3, 6, 1),
(343, 'TUNJA', 3, 6, 1),
(344, 'TUNUNGUÁ', 3, 6, 1),
(345, 'TURMEQUÉ', 3, 6, 1),
(346, 'TUTA', 3, 6, 1),
(347, 'TUTAZÁ', 3, 6, 1),
(348, 'UMBITA', 3, 6, 1),
(349, 'VENTA QUEMADA', 3, 6, 1),
(350, 'VILLA DE LEYVA', 3, 6, 1),
(351, 'VIRACACHÁ', 3, 6, 1),
(352, 'ZETAQUIRA', 3, 6, 1),
(353, 'AGUADAS', 3, 7, 1),
(354, 'ANSERMA', 3, 7, 1),
(355, 'ARANZAZU', 3, 7, 1),
(356, 'BELALCAZAR', 3, 7, 1),
(357, 'CHINCHINÁ', 3, 7, 1),
(358, 'FILADELFIA', 3, 7, 1),
(359, 'LA DORADA', 3, 7, 1),
(360, 'LA MERCED', 3, 7, 1),
(361, 'MANIZALES', 3, 7, 1),
(362, 'MANZANARES', 3, 7, 1),
(363, 'MARMATO', 3, 7, 1),
(364, 'MARQUETALIA', 3, 7, 1),
(365, 'MARULANDA', 3, 7, 1),
(366, 'NEIRA', 3, 7, 1),
(367, 'NORCASIA', 3, 7, 1),
(368, 'PACORA', 3, 7, 1),
(369, 'PALESTINA', 3, 7, 1),
(370, 'PENSILVANIA', 3, 7, 1),
(371, 'RIOSUCIO', 3, 7, 1),
(372, 'RISARALDA', 3, 7, 1),
(373, 'SALAMINA', 3, 7, 1),
(374, 'SAMANA', 3, 7, 1),
(375, 'SAN JOSE', 3, 7, 1),
(376, 'SUPÍA', 3, 7, 1),
(377, 'VICTORIA', 3, 7, 1),
(378, 'VILLAMARÍA', 3, 7, 1),
(379, 'VITERBO', 3, 7, 1),
(380, 'ALBANIA', 3, 8, 1),
(381, 'BELÉN ANDAQUIES', 3, 8, 1),
(382, 'CARTAGENA DEL CHAIRA', 3, 8, 1),
(383, 'CURILLO', 3, 8, 1),
(384, 'EL DONCELLO', 3, 8, 1),
(385, 'EL PAUJIL', 3, 8, 1),
(386, 'FLORENCIA', 3, 8, 1),
(387, 'LA MONTAÑITA', 3, 8, 1),
(388, 'MILÁN', 3, 8, 1),
(389, 'MORELIA', 3, 8, 1),
(390, 'PUERTO RICO', 3, 8, 1),
(391, 'SAN  VICENTE DEL CAGUAN', 3, 8, 1),
(392, 'SAN JOSÉ DE FRAGUA', 3, 8, 1),
(393, 'SOLANO', 3, 8, 1),
(394, 'SOLITA', 3, 8, 1),
(395, 'VALPARAÍSO', 3, 8, 1),
(396, 'AGUAZUL', 3, 9, 1),
(397, 'CHAMEZA', 3, 9, 1),
(398, 'HATO COROZAL', 3, 9, 1),
(399, 'LA SALINA', 3, 9, 1),
(400, 'MANÍ', 3, 9, 1),
(401, 'MONTERREY', 3, 9, 1),
(402, 'NUNCHIA', 3, 9, 1),
(403, 'OROCUE', 3, 9, 1),
(404, 'PAZ DE ARIPORO', 3, 9, 1),
(405, 'PORE', 3, 9, 1),
(406, 'RECETOR', 3, 9, 1),
(407, 'SABANA LARGA', 3, 9, 1),
(408, 'SACAMA', 3, 9, 1),
(409, 'SAN LUIS DE PALENQUE', 3, 9, 1),
(410, 'TAMARA', 3, 9, 1),
(411, 'TAURAMENA', 3, 9, 1),
(412, 'TRINIDAD', 3, 9, 1),
(413, 'VILLANUEVA', 3, 9, 1),
(414, 'YOPAL', 3, 9, 1),
(415, 'ALMAGUER', 3, 10, 1),
(416, 'ARGELIA', 3, 10, 1),
(417, 'BALBOA', 3, 10, 1),
(418, 'BOLÍVAR', 3, 10, 1),
(419, 'BUENOS AIRES', 3, 10, 1),
(420, 'CAJIBIO', 3, 10, 1),
(421, 'CALDONO', 3, 10, 1),
(422, 'CALOTO', 3, 10, 1),
(423, 'CORINTO', 3, 10, 1),
(424, 'EL TAMBO', 3, 10, 1),
(425, 'FLORENCIA', 3, 10, 1),
(426, 'GUAPI', 3, 10, 1),
(427, 'INZA', 3, 10, 1),
(428, 'JAMBALÓ', 3, 10, 1),
(429, 'LA SIERRA', 3, 10, 1),
(430, 'LA VEGA', 3, 10, 1),
(431, 'LÓPEZ', 3, 10, 1),
(432, 'MERCADERES', 3, 10, 1),
(433, 'MIRANDA', 3, 10, 1),
(434, 'MORALES', 3, 10, 1),
(435, 'PADILLA', 3, 10, 1),
(436, 'PÁEZ', 3, 10, 1),
(437, 'PATIA (EL BORDO)', 3, 10, 1),
(438, 'PIAMONTE', 3, 10, 1),
(439, 'PIENDAMO', 3, 10, 1),
(440, 'POPAYÁN', 3, 10, 1),
(441, 'PUERTO TEJADA', 3, 10, 1),
(442, 'PURACE', 3, 10, 1),
(443, 'ROSAS', 3, 10, 1),
(444, 'SAN SEBASTIÁN', 3, 10, 1),
(445, 'SANTA ROSA', 3, 10, 1),
(446, 'SANTANDER DE QUILICHAO', 3, 10, 1),
(447, 'SILVIA', 3, 10, 1),
(448, 'SOTARA', 3, 10, 1),
(449, 'SUÁREZ', 3, 10, 1),
(450, 'SUCRE', 3, 10, 1),
(451, 'TIMBÍO', 3, 10, 1),
(452, 'TIMBIQUÍ', 3, 10, 1),
(453, 'TORIBIO', 3, 10, 1),
(454, 'TOTORO', 3, 10, 1),
(455, 'VILLA RICA', 3, 10, 1),
(456, 'AGUACHICA', 3, 11, 1),
(457, 'AGUSTÍN CODAZZI', 3, 11, 1),
(458, 'ASTREA', 3, 11, 1),
(459, 'BECERRIL', 3, 11, 1),
(460, 'BOSCONIA', 3, 11, 1),
(461, 'CHIMICHAGUA', 3, 11, 1),
(462, 'CHIRIGUANÁ', 3, 11, 1),
(463, 'CURUMANÍ', 3, 11, 1),
(464, 'EL COPEY', 3, 11, 1),
(465, 'EL PASO', 3, 11, 1),
(466, 'GAMARRA', 3, 11, 1),
(467, 'GONZÁLEZ', 3, 11, 1),
(468, 'LA GLORIA', 3, 11, 1),
(469, 'LA JAGUA IBIRICO', 3, 11, 1),
(470, 'MANAURE BALCÓN DEL CESAR', 3, 11, 1),
(471, 'PAILITAS', 3, 11, 1),
(472, 'PELAYA', 3, 11, 1),
(473, 'PUEBLO BELLO', 3, 11, 1),
(474, 'RÍO DE ORO', 3, 11, 1),
(475, 'ROBLES (LA PAZ)', 3, 11, 1),
(476, 'SAN ALBERTO', 3, 11, 1),
(477, 'SAN DIEGO', 3, 11, 1),
(478, 'SAN MARTÍN', 3, 11, 1),
(479, 'TAMALAMEQUE', 3, 11, 1),
(480, 'VALLEDUPAR', 3, 11, 1),
(481, 'ACANDI', 3, 12, 1),
(482, 'ALTO BAUDO (PIE DE PATO)', 3, 12, 1),
(483, 'ATRATO', 3, 12, 1),
(484, 'BAGADO', 3, 12, 1),
(485, 'BAHIA SOLANO (MUTIS)', 3, 12, 1),
(486, 'BAJO BAUDO (PIZARRO)', 3, 12, 1),
(487, 'BOJAYA (BELLAVISTA)', 3, 12, 1),
(488, 'CANTON DE SAN PABLO', 3, 12, 1),
(489, 'CARMEN DEL DARIEN', 3, 12, 1),
(490, 'CERTEGUI', 3, 12, 1),
(491, 'CONDOTO', 3, 12, 1),
(492, 'EL CARMEN', 3, 12, 1),
(493, 'ISTMINA', 3, 12, 1),
(494, 'JURADO', 3, 12, 1),
(495, 'LITORAL DEL SAN JUAN', 3, 12, 1),
(496, 'LLORO', 3, 12, 1),
(497, 'MEDIO ATRATO', 3, 12, 1),
(498, 'MEDIO BAUDO (BOCA DE PEPE)', 3, 12, 1),
(499, 'MEDIO SAN JUAN', 3, 12, 1),
(500, 'NOVITA', 3, 12, 1),
(501, 'NUQUI', 3, 12, 1),
(502, 'QUIBDO', 3, 12, 1),
(503, 'RIO IRO', 3, 12, 1),
(504, 'RIO QUITO', 3, 12, 1),
(505, 'RIOSUCIO', 3, 12, 1),
(506, 'SAN JOSE DEL PALMAR', 3, 12, 1),
(507, 'SIPI', 3, 12, 1),
(508, 'TADO', 3, 12, 1),
(509, 'UNGUIA', 3, 12, 1),
(510, 'UNIÓN PANAMERICANA', 3, 12, 1),
(511, 'AYAPEL', 3, 13, 1),
(512, 'BUENAVISTA', 3, 13, 1),
(513, 'CANALETE', 3, 13, 1),
(514, 'CERETÉ', 3, 13, 1),
(515, 'CHIMA', 3, 13, 1),
(516, 'CHINÚ', 3, 13, 1),
(517, 'CIENAGA DE ORO', 3, 13, 1),
(518, 'COTORRA', 3, 13, 1),
(519, 'LA APARTADA', 3, 13, 1),
(520, 'LORICA', 3, 13, 1),
(521, 'LOS CÓRDOBAS', 3, 13, 1),
(522, 'MOMIL', 3, 13, 1),
(523, 'MONTELÍBANO', 3, 13, 1),
(524, 'MONTERÍA', 3, 13, 1),
(525, 'MOÑITOS', 3, 13, 1),
(526, 'PLANETA RICA', 3, 13, 1),
(527, 'PUEBLO NUEVO', 3, 13, 1),
(528, 'PUERTO ESCONDIDO', 3, 13, 1),
(529, 'PUERTO LIBERTADOR', 3, 13, 1),
(530, 'PURÍSIMA', 3, 13, 1),
(531, 'SAHAGÚN', 3, 13, 1),
(532, 'SAN ANDRÉS SOTAVENTO', 3, 13, 1),
(533, 'SAN ANTERO', 3, 13, 1),
(534, 'SAN BERNARDO VIENTO', 3, 13, 1),
(535, 'SAN CARLOS', 3, 13, 1),
(536, 'SAN PELAYO', 3, 13, 1),
(537, 'TIERRALTA', 3, 13, 1),
(538, 'VALENCIA', 3, 13, 1),
(539, 'AGUA DE DIOS', 3, 14, 1),
(540, 'ALBAN', 3, 14, 1),
(541, 'ANAPOIMA', 3, 14, 1),
(542, 'ANOLAIMA', 3, 14, 1),
(543, 'ARBELAEZ', 3, 14, 1),
(544, 'BELTRÁN', 3, 14, 1),
(545, 'BITUIMA', 3, 14, 1),
(546, 'BOGOTÁ DC', 3, 14, 1),
(547, 'BOJACÁ', 3, 14, 1),
(548, 'CABRERA', 3, 14, 1),
(549, 'CACHIPAY', 3, 14, 1),
(550, 'CAJICÁ', 3, 14, 1),
(551, 'CAPARRAPÍ', 3, 14, 1),
(552, 'CAQUEZA', 3, 14, 1),
(553, 'CARMEN DE CARUPA', 3, 14, 1),
(554, 'CHAGUANÍ', 3, 14, 1),
(555, 'CHIA', 3, 14, 1),
(556, 'CHIPAQUE', 3, 14, 1),
(557, 'CHOACHÍ', 3, 14, 1),
(558, 'CHOCONTÁ', 3, 14, 1),
(559, 'COGUA', 3, 14, 1),
(560, 'COTA', 3, 14, 1),
(561, 'CUCUNUBÁ', 3, 14, 1),
(562, 'EL COLEGIO', 3, 14, 1),
(563, 'EL PEÑÓN', 3, 14, 1),
(564, 'EL ROSAL1', 3, 14, 1),
(565, 'FACATATIVA', 3, 14, 1),
(566, 'FÓMEQUE', 3, 14, 1),
(567, 'FOSCA', 3, 14, 1),
(568, 'FUNZA', 3, 14, 1),
(569, 'FÚQUENE', 3, 14, 1),
(570, 'FUSAGASUGA', 3, 14, 1),
(571, 'GACHALÁ', 3, 14, 1),
(572, 'GACHANCIPÁ', 3, 14, 1),
(573, 'GACHETA', 3, 14, 1),
(574, 'GAMA', 3, 14, 1),
(575, 'GIRARDOT', 3, 14, 1),
(576, 'GRANADA2', 3, 14, 1),
(577, 'GUACHETÁ', 3, 14, 1),
(578, 'GUADUAS', 3, 14, 1),
(579, 'GUASCA', 3, 14, 1),
(580, 'GUATAQUÍ', 3, 14, 1),
(581, 'GUATAVITA', 3, 14, 1),
(582, 'GUAYABAL DE SIQUIMA', 3, 14, 1),
(583, 'GUAYABETAL', 3, 14, 1),
(584, 'GUTIÉRREZ', 3, 14, 1),
(585, 'JERUSALÉN', 3, 14, 1),
(586, 'JUNÍN', 3, 14, 1),
(587, 'LA CALERA', 3, 14, 1),
(588, 'LA MESA', 3, 14, 1),
(589, 'LA PALMA', 3, 14, 1),
(590, 'LA PEÑA', 3, 14, 1),
(591, 'LA VEGA', 3, 14, 1),
(592, 'LENGUAZAQUE', 3, 14, 1),
(593, 'MACHETÁ', 3, 14, 1),
(594, 'MADRID', 3, 14, 1),
(595, 'MANTA', 3, 14, 1),
(596, 'MEDINA', 3, 14, 1),
(597, 'MOSQUERA', 3, 14, 1),
(598, 'NARIÑO', 3, 14, 1),
(599, 'NEMOCÓN', 3, 14, 1),
(600, 'NILO', 3, 14, 1),
(601, 'NIMAIMA', 3, 14, 1),
(602, 'NOCAIMA', 3, 14, 1),
(603, 'OSPINA PÉREZ', 3, 14, 1),
(604, 'PACHO', 3, 14, 1),
(605, 'PAIME', 3, 14, 1),
(606, 'PANDI', 3, 14, 1),
(607, 'PARATEBUENO', 3, 14, 1),
(608, 'PASCA', 3, 14, 1),
(609, 'PUERTO SALGAR', 3, 14, 1),
(610, 'PULÍ', 3, 14, 1),
(611, 'QUEBRADANEGRA', 3, 14, 1),
(612, 'QUETAME', 3, 14, 1),
(613, 'QUIPILE', 3, 14, 1),
(614, 'RAFAEL REYES', 3, 14, 1),
(615, 'RICAURTE', 3, 14, 1),
(616, 'SAN  ANTONIO DEL  TEQUENDAMA', 3, 14, 1),
(617, 'SAN BERNARDO', 3, 14, 1),
(618, 'SAN CAYETANO', 3, 14, 1),
(619, 'SAN FRANCISCO', 3, 14, 1),
(620, 'SAN JUAN DE RIOSECO', 3, 14, 1),
(621, 'SASAIMA', 3, 14, 1),
(622, 'SESQUILÉ', 3, 14, 1),
(623, 'SIBATÉ', 3, 14, 1),
(624, 'SILVANIA', 3, 14, 1),
(625, 'SIMIJACA', 3, 14, 1),
(626, 'SOACHA', 3, 14, 1),
(627, 'SOPO', 3, 14, 1),
(628, 'SUBACHOQUE', 3, 14, 1),
(629, 'SUESCA', 3, 14, 1),
(630, 'SUPATÁ', 3, 14, 1),
(631, 'SUSA', 3, 14, 1),
(632, 'SUTATAUSA', 3, 14, 1),
(633, 'TABIO', 3, 14, 1),
(634, 'TAUSA', 3, 14, 1),
(635, 'TENA', 3, 14, 1),
(636, 'TENJO', 3, 14, 1),
(637, 'TIBACUY', 3, 14, 1),
(638, 'TIBIRITA', 3, 14, 1),
(639, 'TOCAIMA', 3, 14, 1),
(640, 'TOCANCIPÁ', 3, 14, 1),
(641, 'TOPAIPÍ', 3, 14, 1),
(642, 'UBALÁ', 3, 14, 1),
(643, 'UBAQUE', 3, 14, 1),
(644, 'UBATÉ', 3, 14, 1),
(645, 'UNE', 3, 14, 1),
(646, 'UTICA', 3, 14, 1),
(647, 'VERGARA', 3, 14, 1),
(648, 'VIANI', 3, 14, 1),
(649, 'VILLA GOMEZ', 3, 14, 1),
(650, 'VILLA PINZÓN', 3, 14, 1),
(651, 'VILLETA', 3, 14, 1),
(652, 'VIOTA', 3, 14, 1),
(653, 'YACOPÍ', 3, 14, 1),
(654, 'ZIPACÓN', 3, 14, 1),
(655, 'ZIPAQUIRÁ', 3, 14, 1),
(656, 'BARRANCO MINAS', 3, 15, 1),
(657, 'CACAHUAL', 3, 15, 1),
(658, 'INÍRIDA', 3, 15, 1),
(659, 'LA GUADALUPE', 3, 15, 1),
(660, 'MAPIRIPANA', 3, 15, 1),
(661, 'MORICHAL', 3, 15, 1),
(662, 'PANA PANA', 3, 15, 1),
(663, 'PUERTO COLOMBIA', 3, 15, 1),
(664, 'SAN FELIPE', 3, 15, 1),
(665, 'CALAMAR', 3, 16, 1),
(666, 'EL RETORNO', 3, 16, 1),
(667, 'MIRAFLOREZ', 3, 16, 1),
(668, 'SAN JOSÉ DEL GUAVIARE', 3, 16, 1),
(669, 'ACEVEDO', 3, 17, 1),
(670, 'AGRADO', 3, 17, 1),
(671, 'AIPE', 3, 17, 1),
(672, 'ALGECIRAS', 3, 17, 1),
(673, 'ALTAMIRA', 3, 17, 1),
(674, 'BARAYA', 3, 17, 1),
(675, 'CAMPO ALEGRE', 3, 17, 1),
(676, 'COLOMBIA', 3, 17, 1),
(677, 'ELIAS', 3, 17, 1),
(678, 'GARZÓN', 3, 17, 1),
(679, 'GIGANTE', 3, 17, 1),
(680, 'GUADALUPE', 3, 17, 1),
(681, 'HOBO', 3, 17, 1),
(682, 'IQUIRA', 3, 17, 1),
(683, 'ISNOS', 3, 17, 1),
(684, 'LA ARGENTINA', 3, 17, 1),
(685, 'LA PLATA', 3, 17, 1),
(686, 'NATAGA', 3, 17, 1),
(687, 'NEIVA', 3, 17, 1),
(688, 'OPORAPA', 3, 17, 1),
(689, 'PAICOL', 3, 17, 1),
(690, 'PALERMO', 3, 17, 1),
(691, 'PALESTINA', 3, 17, 1),
(692, 'PITAL', 3, 17, 1),
(693, 'PITALITO', 3, 17, 1),
(694, 'RIVERA', 3, 17, 1),
(695, 'SALADO BLANCO', 3, 17, 1),
(696, 'SAN AGUSTÍN', 3, 17, 1),
(697, 'SANTA MARIA', 3, 17, 1),
(698, 'SUAZA', 3, 17, 1),
(699, 'TARQUI', 3, 17, 1),
(700, 'TELLO', 3, 17, 1),
(701, 'TERUEL', 3, 17, 1),
(702, 'TESALIA', 3, 17, 1),
(703, 'TIMANA', 3, 17, 1),
(704, 'VILLAVIEJA', 3, 17, 1),
(705, 'YAGUARA', 3, 17, 1),
(706, 'ALBANIA', 3, 18, 1),
(707, 'BARRANCAS', 3, 18, 1),
(708, 'DIBULLA', 3, 18, 1),
(709, 'DISTRACCIÓN', 3, 18, 1),
(710, 'EL MOLINO', 3, 18, 1),
(711, 'FONSECA', 3, 18, 1),
(712, 'HATO NUEVO', 3, 18, 1),
(713, 'LA JAGUA DEL PILAR', 3, 18, 1),
(714, 'MAICAO', 3, 18, 1),
(715, 'MANAURE', 3, 18, 1),
(716, 'RIOHACHA', 3, 18, 1),
(717, 'SAN JUAN DEL CESAR', 3, 18, 1),
(718, 'URIBIA', 3, 18, 1),
(719, 'URUMITA', 3, 18, 1),
(720, 'VILLANUEVA', 3, 18, 1),
(721, 'ALGARROBO', 3, 19, 1),
(722, 'ARACATACA', 3, 19, 1),
(723, 'ARIGUANI', 3, 19, 1),
(724, 'CERRO SAN ANTONIO', 3, 19, 1),
(725, 'CHIVOLO', 3, 19, 1),
(726, 'CIENAGA', 3, 19, 1),
(727, 'CONCORDIA', 3, 19, 1),
(728, 'EL BANCO', 3, 19, 1),
(729, 'EL PIÑON', 3, 19, 1),
(730, 'EL RETEN', 3, 19, 1),
(731, 'FUNDACION', 3, 19, 1),
(732, 'GUAMAL', 3, 19, 1),
(733, 'NUEVA GRANADA', 3, 19, 1),
(734, 'PEDRAZA', 3, 19, 1),
(735, 'PIJIÑO DEL CARMEN', 3, 19, 1),
(736, 'PIVIJAY', 3, 19, 1),
(737, 'PLATO', 3, 19, 1),
(738, 'PUEBLO VIEJO', 3, 19, 1),
(739, 'REMOLINO', 3, 19, 1),
(740, 'SABANAS DE SAN ANGEL', 3, 19, 1),
(741, 'SALAMINA', 3, 19, 1),
(742, 'SAN SEBASTIAN DE BUENAVISTA', 3, 19, 1),
(743, 'SAN ZENON', 3, 19, 1),
(744, 'SANTA ANA', 3, 19, 1),
(745, 'SANTA BARBARA DE PINTO', 3, 19, 1),
(746, 'SANTA MARTA', 3, 19, 1),
(747, 'SITIONUEVO', 3, 19, 1),
(748, 'TENERIFE', 3, 19, 1),
(749, 'ZAPAYAN', 3, 19, 1),
(750, 'ZONA BANANERA', 3, 19, 1),
(751, 'ACACIAS', 3, 20, 1),
(752, 'BARRANCA DE UPIA', 3, 20, 1),
(753, 'CABUYARO', 3, 20, 1),
(754, 'CASTILLA LA NUEVA', 3, 20, 1),
(755, 'CUBARRAL', 3, 20, 1),
(756, 'CUMARAL', 3, 20, 1),
(757, 'EL CALVARIO', 3, 20, 1),
(758, 'EL CASTILLO', 3, 20, 1),
(759, 'EL DORADO', 3, 20, 1),
(760, 'FUENTE DE ORO', 3, 20, 1),
(761, 'GRANADA', 3, 20, 1),
(762, 'GUAMAL', 3, 20, 1),
(763, 'LA MACARENA', 3, 20, 1),
(764, 'LA URIBE', 3, 20, 1),
(765, 'LEJANÍAS', 3, 20, 1),
(766, 'MAPIRIPÁN', 3, 20, 1),
(767, 'MESETAS', 3, 20, 1),
(768, 'PUERTO CONCORDIA', 3, 20, 1),
(769, 'PUERTO GAITÁN', 3, 20, 1),
(770, 'PUERTO LLERAS', 3, 20, 1),
(771, 'PUERTO LÓPEZ', 3, 20, 1),
(772, 'PUERTO RICO', 3, 20, 1),
(773, 'RESTREPO', 3, 20, 1),
(774, 'SAN  JUAN DE ARAMA', 3, 20, 1),
(775, 'SAN CARLOS GUAROA', 3, 20, 1),
(776, 'SAN JUANITO', 3, 20, 1),
(777, 'SAN MARTÍN', 3, 20, 1),
(778, 'VILLAVICENCIO', 3, 20, 1),
(779, 'VISTA HERMOSA', 3, 20, 1),
(780, 'ALBAN', 3, 21, 1),
(781, 'ALDAÑA', 3, 21, 1),
(782, 'ANCUYA', 3, 21, 1),
(783, 'ARBOLEDA', 3, 21, 1),
(784, 'BARBACOAS', 3, 21, 1),
(785, 'BELEN', 3, 21, 1),
(786, 'BUESACO', 3, 21, 1),
(787, 'CHACHAGUI', 3, 21, 1),
(788, 'COLON (GENOVA)', 3, 21, 1),
(789, 'CONSACA', 3, 21, 1),
(790, 'CONTADERO', 3, 21, 1),
(791, 'CORDOBA', 3, 21, 1),
(792, 'CUASPUD', 3, 21, 1),
(793, 'CUMBAL', 3, 21, 1),
(794, 'CUMBITARA', 3, 21, 1),
(795, 'EL CHARCO', 3, 21, 1),
(796, 'EL PEÑOL', 3, 21, 1),
(797, 'EL ROSARIO', 3, 21, 1),
(798, 'EL TABLÓN', 3, 21, 1),
(799, 'EL TAMBO', 3, 21, 1),
(800, 'FUNES', 3, 21, 1),
(801, 'GUACHUCAL', 3, 21, 1),
(802, 'GUAITARILLA', 3, 21, 1),
(803, 'GUALMATAN', 3, 21, 1),
(804, 'ILES', 3, 21, 1),
(805, 'IMUES', 3, 21, 1),
(806, 'IPIALES', 3, 21, 1),
(807, 'LA CRUZ', 3, 21, 1),
(808, 'LA FLORIDA', 3, 21, 1),
(809, 'LA LLANADA', 3, 21, 1),
(810, 'LA TOLA', 3, 21, 1),
(811, 'LA UNION', 3, 21, 1),
(812, 'LEIVA', 3, 21, 1),
(813, 'LINARES', 3, 21, 1),
(814, 'LOS ANDES', 3, 21, 1),
(815, 'MAGUI', 3, 21, 1),
(816, 'MALLAMA', 3, 21, 1),
(817, 'MOSQUEZA', 3, 21, 1),
(818, 'NARIÑO', 3, 21, 1),
(819, 'OLAYA HERRERA', 3, 21, 1),
(820, 'OSPINA', 3, 21, 1),
(821, 'PASTO', 3, 21, 1),
(822, 'PIZARRO', 3, 21, 1),
(823, 'POLICARPA', 3, 21, 1),
(824, 'POTOSI', 3, 21, 1),
(825, 'PROVIDENCIA', 3, 21, 1),
(826, 'PUERRES', 3, 21, 1),
(827, 'PUPIALES', 3, 21, 1),
(828, 'RICAURTE', 3, 21, 1),
(829, 'ROBERTO PAYAN', 3, 21, 1),
(830, 'SAMANIEGO', 3, 21, 1),
(831, 'SAN BERNARDO', 3, 21, 1),
(832, 'SAN LORENZO', 3, 21, 1),
(833, 'SAN PABLO', 3, 21, 1),
(834, 'SAN PEDRO DE CARTAGO', 3, 21, 1),
(835, 'SANDONA', 3, 21, 1),
(836, 'SANTA BARBARA', 3, 21, 1),
(837, 'SANTACRUZ', 3, 21, 1),
(838, 'SAPUYES', 3, 21, 1),
(839, 'TAMINANGO', 3, 21, 1),
(840, 'TANGUA', 3, 21, 1),
(841, 'TUMACO', 3, 21, 1),
(842, 'TUQUERRES', 3, 21, 1),
(843, 'YACUANQUER', 3, 21, 1),
(844, 'ABREGO', 3, 22, 1),
(845, 'ARBOLEDAS', 3, 22, 1),
(846, 'BOCHALEMA', 3, 22, 1),
(847, 'BUCARASICA', 3, 22, 1),
(848, 'CÁCHIRA', 3, 22, 1),
(849, 'CÁCOTA', 3, 22, 1),
(850, 'CHINÁCOTA', 3, 22, 1),
(851, 'CHITAGÁ', 3, 22, 1),
(852, 'CONVENCIÓN', 3, 22, 1),
(853, 'CÚCUTA', 3, 22, 1),
(854, 'CUCUTILLA', 3, 22, 1),
(855, 'DURANIA', 3, 22, 1),
(856, 'EL CARMEN', 3, 22, 1),
(857, 'EL TARRA', 3, 22, 1),
(858, 'EL ZULIA', 3, 22, 1),
(859, 'GRAMALOTE', 3, 22, 1),
(860, 'HACARI', 3, 22, 1),
(861, 'HERRÁN', 3, 22, 1),
(862, 'LA ESPERANZA', 3, 22, 1),
(863, 'LA PLAYA', 3, 22, 1),
(864, 'LABATECA', 3, 22, 1),
(865, 'LOS PATIOS', 3, 22, 1),
(866, 'LOURDES', 3, 22, 1),
(867, 'MUTISCUA', 3, 22, 1),
(868, 'OCAÑA', 3, 22, 1),
(869, 'PAMPLONA', 3, 22, 1),
(870, 'PAMPLONITA', 3, 22, 1),
(871, 'PUERTO SANTANDER', 3, 22, 1),
(872, 'RAGONVALIA', 3, 22, 1),
(873, 'SALAZAR', 3, 22, 1),
(874, 'SAN CALIXTO', 3, 22, 1),
(875, 'SAN CAYETANO', 3, 22, 1),
(876, 'SANTIAGO', 3, 22, 1),
(877, 'SARDINATA', 3, 22, 1),
(878, 'SILOS', 3, 22, 1),
(879, 'TEORAMA', 3, 22, 1),
(880, 'TIBÚ', 3, 22, 1),
(881, 'TOLEDO', 3, 22, 1),
(882, 'VILLA CARO', 3, 22, 1),
(883, 'VILLA DEL ROSARIO', 3, 22, 1),
(884, 'COLÓN', 3, 23, 1),
(885, 'MOCOA', 3, 23, 1),
(886, 'ORITO', 3, 23, 1),
(887, 'PUERTO ASÍS', 3, 23, 1),
(888, 'PUERTO CAYCEDO', 3, 23, 1),
(889, 'PUERTO GUZMÁN', 3, 23, 1),
(890, 'PUERTO LEGUÍZAMO', 3, 23, 1),
(891, 'SAN FRANCISCO', 3, 23, 1),
(892, 'SAN MIGUEL', 3, 23, 1),
(893, 'SANTIAGO', 3, 23, 1),
(894, 'SIBUNDOY', 3, 23, 1),
(895, 'VALLE DEL GUAMUEZ', 3, 23, 1),
(896, 'VILLAGARZÓN', 3, 23, 1),
(897, 'ARMENIA', 3, 24, 1),
(898, 'BUENAVISTA', 3, 24, 1),
(899, 'CALARCÁ', 3, 24, 1),
(900, 'CIRCASIA', 3, 24, 1),
(901, 'CÓRDOBA', 3, 24, 1),
(902, 'FILANDIA', 3, 24, 1),
(903, 'GÉNOVA', 3, 24, 1),
(904, 'LA TEBAIDA', 3, 24, 1),
(905, 'MONTENEGRO', 3, 24, 1),
(906, 'PIJAO', 3, 24, 1),
(907, 'QUIMBAYA', 3, 24, 1),
(908, 'SALENTO', 3, 24, 1),
(909, 'APIA', 3, 25, 1),
(910, 'BALBOA', 3, 25, 1),
(911, 'BELÉN DE UMBRÍA', 3, 25, 1),
(912, 'DOS QUEBRADAS', 3, 25, 1),
(913, 'GUATICA', 3, 25, 1),
(914, 'LA CELIA', 3, 25, 1),
(915, 'LA VIRGINIA', 3, 25, 1),
(916, 'MARSELLA', 3, 25, 1),
(917, 'MISTRATO', 3, 25, 1),
(918, 'PEREIRA', 3, 25, 1),
(919, 'PUEBLO RICO', 3, 25, 1),
(920, 'QUINCHÍA', 3, 25, 1),
(921, 'SANTA ROSA DE CABAL', 3, 25, 1),
(922, 'SANTUARIO', 3, 25, 1),
(923, 'PROVIDENCIA', 3, 26, 1),
(924, 'SAN ANDRES', 3, 26, 1),
(925, 'SANTA CATALINA', 3, 26, 1),
(926, 'AGUADA', 3, 27, 1),
(927, 'ALBANIA', 3, 27, 1),
(928, 'ARATOCA', 3, 27, 1),
(929, 'BARBOSA', 3, 27, 1),
(930, 'BARICHARA', 3, 27, 1),
(931, 'BARRANCABERMEJA', 3, 27, 1),
(932, 'BETULIA', 3, 27, 1),
(933, 'BOLÍVAR', 3, 27, 1),
(934, 'BUCARAMANGA', 3, 27, 1),
(935, 'CABRERA', 3, 27, 1),
(936, 'CALIFORNIA', 3, 27, 1),
(937, 'CAPITANEJO', 3, 27, 1),
(938, 'CARCASI', 3, 27, 1),
(939, 'CEPITA', 3, 27, 1),
(940, 'CERRITO', 3, 27, 1),
(941, 'CHARALÁ', 3, 27, 1),
(942, 'CHARTA', 3, 27, 1),
(943, 'CHIMA', 3, 27, 1),
(944, 'CHIPATÁ', 3, 27, 1),
(945, 'CIMITARRA', 3, 27, 1),
(946, 'CONCEPCIÓN', 3, 27, 1),
(947, 'CONFINES', 3, 27, 1),
(948, 'CONTRATACIÓN', 3, 27, 1),
(949, 'COROMORO', 3, 27, 1),
(950, 'CURITÍ', 3, 27, 1),
(951, 'EL CARMEN', 3, 27, 1),
(952, 'EL GUACAMAYO', 3, 27, 1),
(953, 'EL PEÑÓN', 3, 27, 1),
(954, 'EL PLAYÓN', 3, 27, 1),
(955, 'ENCINO', 3, 27, 1),
(956, 'ENCISO', 3, 27, 1),
(957, 'FLORIÁN', 3, 27, 1),
(958, 'FLORIDABLANCA', 3, 27, 1),
(959, 'GALÁN', 3, 27, 1),
(960, 'GAMBITA', 3, 27, 1),
(961, 'GIRÓN', 3, 27, 1),
(962, 'GUACA', 3, 27, 1),
(963, 'GUADALUPE', 3, 27, 1),
(964, 'GUAPOTA', 3, 27, 1),
(965, 'GUAVATÁ', 3, 27, 1),
(966, 'GUEPSA', 3, 27, 1),
(967, 'HATO', 3, 27, 1),
(968, 'JESÚS MARIA', 3, 27, 1),
(969, 'JORDÁN', 3, 27, 1),
(970, 'LA BELLEZA', 3, 27, 1),
(971, 'LA PAZ', 3, 27, 1),
(972, 'LANDAZURI', 3, 27, 1),
(973, 'LEBRIJA', 3, 27, 1),
(974, 'LOS SANTOS', 3, 27, 1),
(975, 'MACARAVITA', 3, 27, 1),
(976, 'MÁLAGA', 3, 27, 1),
(977, 'MATANZA', 3, 27, 1),
(978, 'MOGOTES', 3, 27, 1),
(979, 'MOLAGAVITA', 3, 27, 1),
(980, 'OCAMONTE', 3, 27, 1),
(981, 'OIBA', 3, 27, 1),
(982, 'ONZAGA', 3, 27, 1),
(983, 'PALMAR', 3, 27, 1),
(984, 'PALMAS DEL SOCORRO', 3, 27, 1),
(985, 'PÁRAMO', 3, 27, 1),
(986, 'PIEDECUESTA', 3, 27, 1),
(987, 'PINCHOTE', 3, 27, 1),
(988, 'PUENTE NACIONAL', 3, 27, 1),
(989, 'PUERTO PARRA', 3, 27, 1),
(990, 'PUERTO WILCHES', 3, 27, 1),
(991, 'RIONEGRO', 3, 27, 1),
(992, 'SABANA DE TORRES', 3, 27, 1),
(993, 'SAN ANDRÉS', 3, 27, 1),
(994, 'SAN BENITO', 3, 27, 1),
(995, 'SAN GIL', 3, 27, 1),
(996, 'SAN JOAQUÍN', 3, 27, 1),
(997, 'SAN JOSÉ DE MIRANDA', 3, 27, 1),
(998, 'SAN MIGUEL', 3, 27, 1),
(999, 'SAN VICENTE DE CHUCURÍ', 3, 27, 1),
(1000, 'SANTA BÁRBARA', 3, 27, 1),
(1001, 'SANTA HELENA', 3, 27, 1),
(1002, 'SIMACOTA', 3, 27, 1),
(1003, 'SOCORRO', 3, 27, 1),
(1004, 'SUAITA', 3, 27, 1),
(1005, 'SUCRE', 3, 27, 1),
(1006, 'SURATA', 3, 27, 1),
(1007, 'TONA', 3, 27, 1),
(1008, 'VALLE SAN JOSÉ', 3, 27, 1),
(1009, 'VÉLEZ', 3, 27, 1),
(1010, 'VETAS', 3, 27, 1),
(1011, 'VILLANUEVA', 3, 27, 1),
(1012, 'ZAPATOCA', 3, 27, 1),
(1013, 'BUENAVISTA', 3, 28, 1),
(1014, 'CAIMITO', 3, 28, 1),
(1015, 'CHALÁN', 3, 28, 1),
(1016, 'COLOSO', 3, 28, 1),
(1017, 'COROZAL', 3, 28, 1),
(1018, 'EL ROBLE', 3, 28, 1),
(1019, 'GALERAS', 3, 28, 1),
(1020, 'GUARANDA', 3, 28, 1),
(1021, 'LA UNIÓN', 3, 28, 1),
(1022, 'LOS PALMITOS', 3, 28, 1),
(1023, 'MAJAGUAL', 3, 28, 1),
(1024, 'MORROA', 3, 28, 1),
(1025, 'OVEJAS', 3, 28, 1),
(1026, 'PALMITO', 3, 28, 1),
(1027, 'SAMPUES', 3, 28, 1),
(1028, 'SAN BENITO ABAD', 3, 28, 1),
(1029, 'SAN JUAN DE BETULIA', 3, 28, 1),
(1030, 'SAN MARCOS', 3, 28, 1),
(1031, 'SAN ONOFRE', 3, 28, 1),
(1032, 'SAN PEDRO', 3, 28, 1),
(1033, 'SINCÉ', 3, 28, 1),
(1034, 'SINCELEJO', 3, 28, 1),
(1035, 'SUCRE', 3, 28, 1),
(1036, 'TOLÚ', 3, 28, 1),
(1037, 'TOLUVIEJO', 3, 28, 1),
(1038, 'ALPUJARRA', 3, 29, 1),
(1039, 'ALVARADO', 3, 29, 1),
(1040, 'AMBALEMA', 3, 29, 1),
(1041, 'ANZOATEGUI', 3, 29, 1),
(1042, 'ARMERO (GUAYABAL)', 3, 29, 1),
(1043, 'ATACO', 3, 29, 1),
(1044, 'CAJAMARCA', 3, 29, 1),
(1045, 'CARMEN DE APICALÁ', 3, 29, 1),
(1046, 'CASABIANCA', 3, 29, 1),
(1047, 'CHAPARRAL', 3, 29, 1),
(1048, 'COELLO', 3, 29, 1),
(1049, 'COYAIMA', 3, 29, 1),
(1050, 'CUNDAY', 3, 29, 1),
(1051, 'DOLORES', 3, 29, 1),
(1052, 'ESPINAL', 3, 29, 1),
(1053, 'FALÁN', 3, 29, 1),
(1054, 'FLANDES', 3, 29, 1),
(1055, 'FRESNO', 3, 29, 1),
(1056, 'GUAMO', 3, 29, 1),
(1057, 'HERVEO', 3, 29, 1),
(1058, 'HONDA', 3, 29, 1),
(1059, 'IBAGUÉ', 3, 29, 1),
(1060, 'ICONONZO', 3, 29, 1),
(1061, 'LÉRIDA', 3, 29, 1),
(1062, 'LÍBANO', 3, 29, 1),
(1063, 'MARIQUITA', 3, 29, 1),
(1064, 'MELGAR', 3, 29, 1),
(1065, 'MURILLO', 3, 29, 1),
(1066, 'NATAGAIMA', 3, 29, 1),
(1067, 'ORTEGA', 3, 29, 1),
(1068, 'PALOCABILDO', 3, 29, 1),
(1069, 'PIEDRAS PLANADAS', 3, 29, 1),
(1070, 'PRADO', 3, 29, 1),
(1071, 'PURIFICACIÓN', 3, 29, 1),
(1072, 'RIOBLANCO', 3, 29, 1),
(1073, 'RONCESVALLES', 3, 29, 1),
(1074, 'ROVIRA', 3, 29, 1),
(1075, 'SALDAÑA', 3, 29, 1),
(1076, 'SAN ANTONIO', 3, 29, 1),
(1077, 'SAN LUIS', 3, 29, 1),
(1078, 'SANTA ISABEL', 3, 29, 1),
(1079, 'SUÁREZ', 3, 29, 1),
(1080, 'VALLE DE SAN JUAN', 3, 29, 1),
(1081, 'VENADILLO', 3, 29, 1),
(1082, 'VILLAHERMOSA', 3, 29, 1),
(1083, 'VILLARRICA', 3, 29, 1),
(1084, 'ALCALÁ', 3, 30, 1),
(1085, 'ANDALUCÍA', 3, 30, 1),
(1086, 'ANSERMA NUEVO', 3, 30, 1),
(1087, 'ARGELIA', 3, 30, 1),
(1088, 'BOLÍVAR', 3, 30, 1),
(1089, 'BUENAVENTURA', 3, 30, 1),
(1090, 'BUGA', 3, 30, 1),
(1091, 'BUGALAGRANDE', 3, 30, 1),
(1092, 'CAICEDONIA', 3, 30, 1),
(1093, 'CALI', 3, 30, 1),
(1094, 'CALIMA (DARIEN)', 3, 30, 1),
(1095, 'CANDELARIA', 3, 30, 1),
(1096, 'CARTAGO', 3, 30, 1),
(1097, 'DAGUA', 3, 30, 1),
(1098, 'EL AGUILA', 3, 30, 1),
(1099, 'EL CAIRO', 3, 30, 1),
(1100, 'EL CERRITO', 3, 30, 1),
(1101, 'EL DOVIO', 3, 30, 1),
(1102, 'FLORIDA', 3, 30, 1),
(1103, 'GINEBRA GUACARI', 3, 30, 1),
(1104, 'JAMUNDÍ', 3, 30, 1),
(1105, 'LA CUMBRE', 3, 30, 1),
(1106, 'LA UNIÓN', 3, 30, 1),
(1107, 'LA VICTORIA', 3, 30, 1),
(1108, 'OBANDO', 3, 30, 1),
(1109, 'PALMIRA', 3, 30, 1),
(1110, 'PRADERA', 3, 30, 1),
(1111, 'RESTREPO', 3, 30, 1),
(1112, 'RIO FRÍO', 3, 30, 1),
(1113, 'ROLDANILLO', 3, 30, 1),
(1114, 'SAN PEDRO', 3, 30, 1),
(1115, 'SEVILLA', 3, 30, 1),
(1116, 'TORO', 3, 30, 1),
(1117, 'TRUJILLO', 3, 30, 1),
(1118, 'TULÚA', 3, 30, 1),
(1119, 'ULLOA', 3, 30, 1),
(1120, 'VERSALLES', 3, 30, 1),
(1121, 'VIJES', 3, 30, 1),
(1122, 'YOTOCO', 3, 30, 1),
(1123, 'YUMBO', 3, 30, 1),
(1124, 'ZARZAL', 3, 30, 1),
(1125, 'CARURÚ', 3, 31, 1),
(1126, 'MITÚ', 3, 31, 1),
(1127, 'PACOA', 3, 31, 1),
(1128, 'PAPUNAUA', 3, 31, 1),
(1129, 'TARAIRA', 3, 31, 1),
(1130, 'YAVARATÉ', 3, 31, 1),
(1131, 'CUMARIBO', 3, 32, 1),
(1132, 'LA PRIMAVERA', 3, 32, 1),
(1133, 'PUERTO CARREÑO', 3, 32, 1),
(1134, 'SANTA ROSALIA', 3, 32, 1),
(1135, 'LA CHORRERA', 3, 33, 1),
(1136, 'LA PEDRERA', 3, 33, 1),
(1137, 'LA VICTORIA', 3, 33, 1),
(1138, 'LETICIA', 3, 33, 1),
(1139, 'MIRITI', 3, 33, 1),
(1140, 'PUERTO ALEGRIA', 3, 33, 1),
(1141, 'PUERTO ARICA', 3, 33, 1),
(1142, 'PUERTO NARIÑO', 3, 33, 1),
(1143, 'PUERTO SANTANDER', 3, 33, 1),
(1144, 'TURAPACA', 3, 33, 1),
(1145, '1 DE MAYO', 4, 746, 1),
(1146, '11 DE NOVIEMBRE', 4, 746, 1),
(1147, '13 DE JUNIO', 4, 746, 1),
(1149, '17 DE DICIEMBRE', 4, 746, 1),
(1150, '19 DE ABRIL', 4, 746, 1),
(1151, 'ALFONSO LOPEZ', 4, 746, 1),
(1152, 'ALMENDROS', 4, 746, 1),
(1153, 'AREA RURAL', 4, 746, 1),
(1155, 'ARRIBA', 4, 746, 1),
(1156, 'BARRIO EL BOSQUE', 4, 746, 1),
(1158, 'BASTIDAS', 4, 746, 1),
(1159, 'BAVARIA', 4, 746, 1),
(1160, 'BELLAVISTA', 4, 746, 1),
(1161, 'BERLIN', 4, 746, 1),
(1162, 'BETHANIA', 4, 746, 1),
(1163, 'BOLIVAR', 4, 746, 1),
(1164, 'BOLIVARIANA', 4, 746, 1),
(1166, 'BOSTON', 4, 746, 1),
(1167, 'CARMEN', 4, 746, 1),
(1168, 'CENTRO', 4, 746, 1),
(1171, 'CHIMILA 1', 4, 746, 1),
(1173, 'CIUDADELA 20 DE JULIO', 4, 746, 1),
(1175, 'COREA', 4, 746, 1),
(1176, 'CUNDI', 4, 746, 1),
(1178, 'EDUARDO VIVES', 4, 746, 1),
(1180, 'EL PANDO', 4, 746, 1),
(1181, 'EL PARQUE', 4, 746, 1),
(1182, 'EL PERUANO', 4, 746, 1),
(1183, 'EL PRADITO', 4, 746, 1),
(1184, 'EL PRADO', 4, 746, 1),
(1185, 'EL RECREO', 4, 746, 1),
(1186, 'EL RODADERO', 4, 746, 1),
(1187, 'EL TREBOL', 4, 746, 1),
(1189, 'EL YUCAL', 4, 746, 1),
(1190, 'FLORIDA', 4, 746, 1),
(1192, 'GAIRA', 4, 746, 1),
(1193, 'GALICIA', 4, 746, 1),
(1194, 'GOENAGA', 4, 746, 1),
(1196, 'JARDIN', 4, 746, 1),
(1198, 'JUAN XXIII', 4, 746, 1),
(1199, 'LA CASTELLANA', 4, 746, 1),
(1200, 'LA ESPERANZA', 4, 746, 1),
(1201, 'LA ESTRELLA', 4, 746, 1),
(1202, 'LA MAGDALENA', 4, 746, 1),
(1203, 'LA TENERIA', 4, 746, 1),
(1204, 'LAS AMERICAS', 4, 746, 1),
(1206, 'LAS DELICIAS', 4, 746, 1),
(1207, 'LAS MALVINAS', 4, 746, 1),
(1208, 'LAS MURALLAS', 4, 746, 1),
(1209, 'LIBERTADOR', 4, 746, 1),
(1212, 'LOS ALCAZARES', 4, 746, 1),
(1213, 'LOS ALMENDROS', 4, 746, 1),
(1214, 'LOS ANGELES', 4, 746, 1),
(1215, 'LOS COCOS', 4, 746, 1),
(1217, 'LOS MANGUITOS', 4, 746, 1),
(1218, 'LOS NARANJOS', 4, 746, 1),
(1220, 'LOS TRONCOS', 4, 746, 1),
(1221, 'LOS TRUPILLOS', 4, 746, 1),
(1222, 'LUCHA 19 DE ABRIL', 4, 746, 1),
(1223, 'MAMATOCO', 4, 746, 1),
(1224, 'MANZANARES', 4, 746, 1),
(1225, 'MARIA CRISTINA', 4, 746, 1),
(1226, 'MARIA EUGENIA', 4, 746, 1),
(1227, 'MARTINETE', 4, 746, 1),
(1229, 'MINUTO DE DIOS', 4, 746, 1),
(1230, 'MIRAFLOREZ', 4, 746, 1),
(1231, 'MODELO CENTRO', 4, 746, 1),
(1232, 'NACHO VIVES', 4, 746, 1),
(1233, 'NORTE', 4, 746, 1),
(1235, 'NUEVA GALICIA', 4, 746, 1),
(1236, 'OBRERO', 4, 746, 1),
(1237, 'ONDAS DEL SUR', 4, 746, 1),
(1238, 'PANTANO', 4, 746, 1),
(1239, 'PARAISO', 4, 746, 1),
(1240, 'PASTRANA', 4, 746, 1),
(1241, 'PORVENIR POSTOBON', 4, 746, 1),
(1242, 'ROSARIO', 4, 746, 1),
(1243, 'SAN FERNANDO', 4, 746, 1),
(1244, 'SAN FRANCISCO', 4, 746, 1),
(1245, 'SAN JORGE', 4, 746, 1),
(1246, 'SAN JOSE', 4, 746, 1),
(1248, 'SAN MARTIN', 4, 746, 1),
(1250, 'SAN PABLO', 4, 746, 1),
(1251, 'SANTA CATALINA', 4, 746, 1),
(1252, 'SANTA FE', 4, 746, 1),
(1253, 'SANTA HELENA', 4, 746, 1),
(1255, 'SANTA LUCIA', 4, 746, 1),
(1258, 'SARA', 4, 746, 1),
(1259, 'SIETE DE AGOSTO', 4, 746, 1),
(1260, 'SILIVIA ROSA', 4, 746, 1),
(1261, 'SIMON BOLIVAR', 4, 746, 1),
(1263, 'SNATA MARIA DEL MAR', 4, 746, 1),
(1264, 'STA CECILIA', 4, 746, 1),
(1265, 'STA MONICA', 4, 746, 1),
(1266, 'TAMACA', 4, 746, 1),
(1267, 'URB. ALEJANDRIA', 4, 746, 1),
(1268, 'URB. LA CONCEPCION 2', 4, 746, 1),
(1269, 'URB. LAS VEGAS', 4, 746, 1),
(1270, 'URB. SALGUERO', 4, 746, 1),
(1271, 'VERACRUZ', 4, 746, 1),
(1272, 'VILLA BERLIN', 4, 746, 1),
(1273, 'VILLA DEL MAR', 4, 746, 1),
(1274, 'VILLA ROSMERI', 4, 746, 1),
(1275, 'VILLAMAR', 4, 746, 1),
(1276, 'VUELTA DEL CAUCA', 4, 746, 1);

-- --------------------------------------------------------

--
-- Estructura de tabla para la tabla `mantenimientos`
--

DROP TABLE IF EXISTS `mantenimientos`;
CREATE TABLE IF NOT EXISTS `mantenimientos` (
  `id` int(11) NOT NULL AUTO_INCREMENT,
  `ingreso` int(11) NOT NULL,
  `mecanico` int(11) NOT NULL,
  `tipo` int(11) NOT NULL,
  `cambios` text NOT NULL,
  `observaciones` text,
  `usuario_registro` int(11) NOT NULL,
  `fecha` datetime NOT NULL,
  `estado` smallint(1) DEFAULT '1',
  PRIMARY KEY (`id`),
  KEY `fk_mantenimientos_registros_ingreso1_idx` (`ingreso`),
  KEY `fk_mantenimientos_usuarios1_idx` (`mecanico`),
  KEY `fk_mantenimientos_usuarios2_idx` (`usuario_registro`),
  KEY `fk_mantenimientos_tipos_ingreso1_idx` (`tipo`)
) ENGINE=InnoDB DEFAULT CHARSET=utf8 AUTO_INCREMENT=1 ;

-- --------------------------------------------------------

--
-- Estructura de tabla para la tabla `marcas_vehiculo`
--

DROP TABLE IF EXISTS `marcas_vehiculo`;
CREATE TABLE IF NOT EXISTS `marcas_vehiculo` (
  `id` int(11) NOT NULL AUTO_INCREMENT,
  `nombre` varchar(155) NOT NULL,
  PRIMARY KEY (`id`)
) ENGINE=InnoDB  DEFAULT CHARSET=utf8 AUTO_INCREMENT=33 ;

--
-- Volcado de datos para la tabla `marcas_vehiculo`
--

INSERT INTO `marcas_vehiculo` (`id`, `nombre`) VALUES
(1, 'Alfa Romeo'),
(2, 'Audi'),
(3, 'BMW'),
(4, 'Chevrolet'),
(5, 'Citroen'),
(6, 'Daewoo'),
(7, 'Dodge'),
(8, 'Fiat'),
(9, 'Ford'),
(10, 'Foton'),
(11, 'Honda'),
(12, 'Hino'),
(13, 'Hyundai'),
(14, 'Isuzi'),
(15, 'Iveco'),
(16, 'JAC'),
(17, 'Jeep'),
(18, 'Kia'),
(19, 'Land Rover'),
(20, 'Mazda'),
(21, 'Mercedes Benz'),
(22, 'Mitsubishi'),
(23, 'Nissan'),
(24, 'Peugeot'),
(25, 'Renault'),
(26, 'Skoda'),
(27, 'Subaru'),
(28, 'Suzuki'),
(29, 'Toyota'),
(30, 'Volkswagen'),
(31, 'Volvo'),
(32, 'Otras marcas');

-- --------------------------------------------------------

--
-- Estructura de tabla para la tabla `permisos`
--

DROP TABLE IF EXISTS `permisos`;
CREATE TABLE IF NOT EXISTS `permisos` (
  `id` int(11) NOT NULL AUTO_INCREMENT,
  `nombre` varchar(255) NOT NULL,
  PRIMARY KEY (`id`)
) ENGINE=InnoDB  DEFAULT CHARSET=utf8 AUTO_INCREMENT=7 ;

--
-- Volcado de datos para la tabla `permisos`
--

INSERT INTO `permisos` (`id`, `nombre`) VALUES
(1, 'Administración de Usuarios'),
(2, 'Administración de Clientes'),
(3, 'Administración de Vehiculos'),
(4, 'Administración de Ingresos de Vehiculos'),
(5, 'Administración de Mantenimientos'),
(6, 'Generar Reportes');

-- --------------------------------------------------------

--
-- Estructura de tabla para la tabla `registros_ingreso`
--

DROP TABLE IF EXISTS `registros_ingreso`;
CREATE TABLE IF NOT EXISTS `registros_ingreso` (
  `id` int(11) NOT NULL AUTO_INCREMENT,
  `vehiculo` int(11) NOT NULL,
  `tipo` int(11) NOT NULL,
  `observaciones_cliente` text NOT NULL,
  `kilmetraje` int(11) NOT NULL,
  `desperfectos` text,
  `elementos` varchar(255) DEFAULT '[]',
  `observaciones` text,
  `fecha` datetime NOT NULL,
  `recibio` int(11) NOT NULL,
  `estado` smallint(1) DEFAULT '0',
  PRIMARY KEY (`id`),
  KEY `fk_registros_ingreso_tipos_ingreso1_idx` (`tipo`),
  KEY `fk_registros_ingreso_usuarios1_idx` (`recibio`),
  KEY `fk_registros_ingreso_vehiculos1_idx` (`vehiculo`)
) ENGINE=InnoDB  DEFAULT CHARSET=utf8 AUTO_INCREMENT=71 ;

--
-- Volcado de datos para la tabla `registros_ingreso`
--

INSERT INTO `registros_ingreso` (`id`, `vehiculo`, `tipo`, `observaciones_cliente`, `kilmetraje`, `desperfectos`, `elementos`, `observaciones`, `fecha`, `recibio`, `estado`) VALUES
(1, 30, 2, 'Lorem ipsum dolor sit amet, consectetuer adipiscing elit. Curabitur sed', 3775, 'Lorem ipsum dolor sit amet, consectetuer adipiscing elit. Curabitur sed tortor. Integer aliquam adipiscing lacus.', '[1,4]', 'Lorem ipsum dolor sit amet, consectetuer adipiscing elit. Curabitur sed tortor. Integer aliquam', '2016-07-20 21:25:50', 3, 0),
(2, 8, 2, 'Lorem ipsum dolor sit amet, consectetuer adipiscing elit. Curabitur sed tortor. Integer aliquam adipiscing lacus.', 13411, 'Lorem ipsum dolor sit amet, consectetuer adipiscing elit. Curabitur sed', '[5]', 'Lorem ipsum dolor sit amet, consectetuer adipiscing elit. Curabitur sed tortor. Integer aliquam adipiscing lacus.', '2016-07-19 09:30:57', 3, 0),
(3, 60, 1, 'Lorem ipsum dolor sit amet, consectetuer adipiscing elit. Curabitur sed tortor. Integer aliquam adipiscing', 4437, 'Lorem ipsum dolor sit amet, consectetuer adipiscing elit. Curabitur sed tortor.', '[1,5,7]', 'Lorem ipsum dolor sit amet, consectetuer adipiscing elit.', '2016-07-20 05:47:28', 3, 0),
(4, 13, 2, 'Lorem ipsum dolor sit amet, consectetuer adipiscing elit. Curabitur sed tortor. Integer aliquam adipiscing lacus.', 5189, 'Lorem ipsum dolor sit amet, consectetuer adipiscing elit. Curabitur sed tortor. Integer aliquam adipiscing', '[1,4,7]', 'Lorem ipsum dolor sit amet, consectetuer adipiscing elit. Curabitur sed tortor.', '2016-07-20 04:04:49', 3, 0),
(5, 53, 1, 'Lorem ipsum dolor sit amet, consectetuer adipiscing elit. Curabitur sed tortor. Integer aliquam adipiscing', 6059, 'Lorem ipsum dolor sit amet, consectetuer adipiscing elit. Curabitur sed tortor. Integer aliquam adipiscing', '[6,2,5]', 'Lorem ipsum dolor sit amet, consectetuer adipiscing elit. Curabitur', '2016-07-20 03:45:10', 3, 0),
(6, 37, 1, 'Lorem ipsum dolor sit amet, consectetuer adipiscing elit. Curabitur sed tortor.', 10186, 'Lorem ipsum dolor sit amet, consectetuer adipiscing elit. Curabitur sed tortor. Integer', '[1,5,7]', 'Lorem ipsum dolor sit amet, consectetuer adipiscing elit. Curabitur sed tortor. Integer', '2016-07-20 06:26:45', 3, 0),
(7, 57, 2, 'Lorem ipsum dolor sit amet, consectetuer adipiscing elit. Curabitur sed tortor. Integer aliquam adipiscing lacus.', 3041, 'Lorem ipsum dolor sit amet, consectetuer adipiscing elit. Curabitur sed tortor. Integer aliquam', '[6,2,5]', 'Lorem ipsum dolor sit amet, consectetuer adipiscing elit. Curabitur', '2016-07-19 21:18:07', 3, 0),
(8, 46, 2, 'Lorem ipsum dolor sit amet, consectetuer adipiscing elit. Curabitur sed tortor. Integer aliquam adipiscing', 4736, 'Lorem ipsum dolor sit amet, consectetuer adipiscing elit. Curabitur sed tortor. Integer', '[1,5,7]', 'Lorem ipsum dolor sit amet, consectetuer adipiscing elit. Curabitur sed tortor. Integer', '2016-07-19 20:34:38', 3, 0),
(9, 39, 2, 'Lorem ipsum dolor sit amet, consectetuer adipiscing elit. Curabitur sed tortor. Integer', 12679, 'Lorem ipsum dolor sit amet, consectetuer adipiscing elit. Curabitur sed', '[1,4,7]', 'Lorem ipsum dolor sit amet, consectetuer adipiscing elit. Curabitur sed tortor. Integer aliquam', '2016-07-20 02:43:53', 3, 0),
(10, 27, 2, 'Lorem ipsum dolor sit amet, consectetuer adipiscing elit. Curabitur sed', 13451, 'Lorem ipsum dolor sit amet, consectetuer adipiscing elit. Curabitur sed tortor. Integer', '[2,9]', 'Lorem ipsum dolor sit amet,', '2016-07-19 08:44:00', 3, 0),
(11, 40, 1, 'Lorem ipsum dolor sit amet, consectetuer adipiscing elit. Curabitur sed tortor. Integer aliquam adipiscing', 7598, 'Lorem ipsum dolor sit amet, consectetuer adipiscing elit. Curabitur sed', '[3,7,8]', 'Lorem ipsum dolor sit amet, consectetuer adipiscing elit.', '2016-07-19 08:54:53', 3, 0),
(12, 61, 1, 'Lorem ipsum dolor sit amet, consectetuer adipiscing elit. Curabitur sed tortor.', 6213, 'Lorem ipsum dolor sit amet, consectetuer adipiscing elit. Curabitur sed tortor. Integer aliquam', '[5]', 'Lorem ipsum dolor sit amet, consectetuer adipiscing elit. Curabitur sed tortor.', '2016-07-20 17:06:49', 3, 0),
(13, 10, 2, 'Lorem ipsum dolor sit amet, consectetuer adipiscing elit. Curabitur sed tortor.', 2142, 'Lorem ipsum dolor sit amet, consectetuer adipiscing elit. Curabitur sed tortor. Integer aliquam adipiscing', '[1,5,7]', 'Lorem ipsum dolor sit amet, consectetuer adipiscing elit. Curabitur sed tortor. Integer aliquam adipiscing', '2016-07-19 23:37:24', 3, 0),
(14, 12, 1, 'Lorem ipsum dolor sit amet, consectetuer adipiscing elit. Curabitur sed tortor. Integer aliquam adipiscing lacus.', 5495, 'Lorem ipsum dolor sit amet, consectetuer adipiscing elit. Curabitur sed tortor.', '[1,5,7]', 'Lorem ipsum dolor sit amet, consectetuer adipiscing elit. Curabitur sed tortor.', '2016-07-19 17:46:17', 3, 0),
(15, 54, 2, 'Lorem ipsum dolor sit amet, consectetuer adipiscing elit. Curabitur sed tortor.', 13227, 'Lorem ipsum dolor sit amet, consectetuer adipiscing elit. Curabitur sed tortor. Integer aliquam adipiscing', '[3,7,8]', 'Lorem ipsum dolor sit amet, consectetuer adipiscing elit. Curabitur sed tortor. Integer aliquam adipiscing', '2016-07-20 00:51:35', 3, 0),
(16, 1, 2, 'Lorem ipsum dolor sit amet, consectetuer adipiscing elit. Curabitur sed tortor. Integer aliquam', 13877, 'Lorem ipsum dolor sit amet, consectetuer adipiscing elit. Curabitur sed tortor. Integer aliquam adipiscing lacus.', '[5]', 'Lorem ipsum dolor sit amet, consectetuer adipiscing elit. Curabitur sed tortor.', '2016-07-19 19:47:04', 3, 0),
(17, 57, 2, 'Lorem ipsum dolor sit amet, consectetuer adipiscing elit. Curabitur sed tortor.', 5326, 'Lorem ipsum dolor sit amet, consectetuer adipiscing elit. Curabitur sed', '[1,4,7]', 'Lorem ipsum dolor sit amet, consectetuer adipiscing elit. Curabitur sed tortor. Integer aliquam adipiscing', '2016-07-19 11:59:28', 3, 0),
(18, 20, 1, 'Lorem ipsum dolor sit amet, consectetuer adipiscing elit. Curabitur sed tortor.', 1739, 'Lorem ipsum dolor sit amet, consectetuer adipiscing elit. Curabitur sed', '[1,5,7]', 'Lorem ipsum dolor sit amet, consectetuer adipiscing elit. Curabitur sed tortor.', '2016-07-20 02:51:07', 3, 0),
(19, 27, 1, 'Lorem ipsum dolor sit amet, consectetuer adipiscing elit. Curabitur sed', 4113, 'Lorem ipsum dolor sit amet, consectetuer adipiscing elit. Curabitur sed tortor. Integer', '[3,7,8]', 'Lorem ipsum dolor sit amet, consectetuer', '2016-07-20 09:48:31', 3, 0),
(20, 4, 2, 'Lorem ipsum dolor sit amet, consectetuer adipiscing elit. Curabitur sed tortor. Integer aliquam adipiscing lacus.', 8856, 'Lorem ipsum dolor sit amet, consectetuer adipiscing elit. Curabitur sed tortor. Integer aliquam adipiscing', '[3,7,8]', 'Lorem ipsum dolor sit amet,', '2016-07-20 09:48:05', 3, 0),
(21, 33, 1, 'Lorem ipsum dolor sit amet, consectetuer adipiscing elit. Curabitur sed tortor.', 10416, 'Lorem ipsum dolor sit amet, consectetuer adipiscing elit. Curabitur sed tortor. Integer aliquam', '[1,4,7]', 'Lorem ipsum dolor sit amet, consectetuer adipiscing elit. Curabitur sed tortor.', '2016-07-19 20:52:56', 3, 0),
(22, 36, 1, 'Lorem ipsum dolor sit amet, consectetuer adipiscing elit. Curabitur sed tortor.', 8399, 'Lorem ipsum dolor sit amet, consectetuer adipiscing elit. Curabitur sed tortor.', '[1,4,7]', 'Lorem ipsum dolor sit amet, consectetuer adipiscing elit. Curabitur sed tortor. Integer aliquam adipiscing lacus.', '2016-07-19 09:34:47', 3, 0),
(23, 47, 2, 'Lorem ipsum dolor sit amet, consectetuer adipiscing elit. Curabitur sed tortor.', 3084, 'Lorem ipsum dolor sit amet, consectetuer adipiscing elit. Curabitur sed tortor.', '[2,9]', 'Lorem ipsum dolor sit amet, consectetuer adipiscing elit. Curabitur sed tortor.', '2016-07-20 00:07:32', 3, 0),
(24, 57, 1, 'Lorem ipsum dolor sit amet, consectetuer adipiscing elit. Curabitur sed tortor. Integer aliquam adipiscing lacus.', 1169, 'Lorem ipsum dolor sit amet, consectetuer adipiscing elit. Curabitur sed tortor. Integer aliquam', '[6,2,5]', 'Lorem ipsum dolor sit amet, consectetuer', '2016-07-20 11:16:39', 3, 0),
(25, 37, 1, 'Lorem ipsum dolor sit amet, consectetuer adipiscing elit. Curabitur sed tortor. Integer aliquam adipiscing', 13706, 'Lorem ipsum dolor sit amet, consectetuer adipiscing elit. Curabitur sed tortor. Integer aliquam adipiscing lacus.', '[2,9]', 'Lorem ipsum dolor sit amet, consectetuer', '2016-07-20 11:32:26', 3, 0),
(26, 60, 1, 'Lorem ipsum dolor sit amet, consectetuer adipiscing elit. Curabitur sed tortor. Integer aliquam adipiscing lacus.', 10246, 'Lorem ipsum dolor sit amet, consectetuer adipiscing elit. Curabitur sed tortor. Integer aliquam', '[1,4,7]', 'Lorem ipsum dolor sit amet, consectetuer adipiscing elit. Curabitur sed tortor. Integer', '2016-07-20 16:42:10', 3, 0),
(27, 17, 1, 'Lorem ipsum dolor sit amet, consectetuer adipiscing elit. Curabitur sed tortor. Integer aliquam', 5477, 'Lorem ipsum dolor sit amet, consectetuer adipiscing elit. Curabitur sed tortor.', '[6,2,5]', 'Lorem ipsum dolor sit amet, consectetuer adipiscing elit. Curabitur sed tortor. Integer', '2016-07-19 20:13:44', 3, 0),
(28, 45, 1, 'Lorem ipsum dolor sit amet, consectetuer adipiscing elit. Curabitur sed tortor.', 13287, 'Lorem ipsum dolor sit amet, consectetuer adipiscing elit. Curabitur sed tortor. Integer aliquam', '[1,4,7]', 'Lorem ipsum dolor sit amet, consectetuer adipiscing', '2016-07-20 07:35:47', 3, 0),
(29, 50, 2, 'Lorem ipsum dolor sit amet, consectetuer adipiscing elit. Curabitur sed tortor. Integer aliquam adipiscing', 5212, 'Lorem ipsum dolor sit amet, consectetuer adipiscing elit. Curabitur sed tortor. Integer aliquam adipiscing', '[5]', 'Lorem ipsum dolor sit amet, consectetuer adipiscing elit. Curabitur sed', '2016-07-19 05:03:56', 3, 0),
(30, 41, 2, 'Lorem ipsum dolor sit amet, consectetuer adipiscing elit. Curabitur sed tortor. Integer aliquam', 2678, 'Lorem ipsum dolor sit amet, consectetuer adipiscing elit. Curabitur sed tortor. Integer', '[1,4]', 'Lorem ipsum dolor sit amet, consectetuer', '2016-07-19 12:54:19', 3, 0),
(31, 49, 2, 'Lorem ipsum dolor sit amet, consectetuer adipiscing elit. Curabitur sed tortor. Integer aliquam', 7270, 'Lorem ipsum dolor sit amet, consectetuer adipiscing elit. Curabitur sed tortor. Integer aliquam', '[3,7,8]', 'Lorem ipsum dolor sit amet, consectetuer adipiscing', '2016-07-20 09:09:42', 3, 0),
(32, 7, 2, 'Lorem ipsum dolor sit amet, consectetuer adipiscing elit. Curabitur sed tortor. Integer', 11727, 'Lorem ipsum dolor sit amet, consectetuer adipiscing elit. Curabitur sed tortor. Integer', '[1,4,7]', 'Lorem ipsum dolor sit amet, consectetuer adipiscing elit. Curabitur sed tortor.', '2016-07-20 23:28:59', 3, 0),
(33, 23, 2, 'Lorem ipsum dolor sit amet, consectetuer adipiscing elit. Curabitur sed tortor. Integer aliquam adipiscing', 2268, 'Lorem ipsum dolor sit amet, consectetuer adipiscing elit. Curabitur sed', '[2,9]', 'Lorem ipsum dolor sit amet, consectetuer', '2016-07-20 18:32:35', 3, 0),
(34, 23, 1, 'Lorem ipsum dolor sit amet, consectetuer adipiscing elit. Curabitur sed tortor.', 3482, 'Lorem ipsum dolor sit amet, consectetuer adipiscing elit. Curabitur sed', '[3,7,8]', 'Lorem ipsum dolor sit amet, consectetuer adipiscing elit. Curabitur sed tortor. Integer aliquam', '2016-07-20 08:20:09', 3, 0),
(35, 47, 1, 'Lorem ipsum dolor sit amet, consectetuer adipiscing elit. Curabitur sed tortor. Integer aliquam', 4755, 'Lorem ipsum dolor sit amet, consectetuer adipiscing elit. Curabitur sed tortor.', '[1,4]', 'Lorem ipsum dolor sit amet, consectetuer adipiscing elit. Curabitur', '2016-07-19 03:29:06', 3, 0),
(36, 61, 2, 'Lorem ipsum dolor sit amet, consectetuer adipiscing elit. Curabitur sed tortor. Integer', 5462, 'Lorem ipsum dolor sit amet, consectetuer adipiscing elit. Curabitur sed tortor. Integer aliquam', '[2,9]', 'Lorem ipsum dolor sit amet, consectetuer adipiscing', '2016-07-19 04:04:12', 3, 0),
(37, 56, 1, 'Lorem ipsum dolor sit amet, consectetuer adipiscing elit. Curabitur sed tortor. Integer aliquam', 9714, 'Lorem ipsum dolor sit amet, consectetuer adipiscing elit. Curabitur sed tortor. Integer aliquam adipiscing lacus.', '[2,9]', 'Lorem ipsum dolor sit amet, consectetuer adipiscing elit. Curabitur sed tortor.', '2016-07-19 06:38:11', 3, 0),
(38, 10, 2, 'Lorem ipsum dolor sit amet, consectetuer adipiscing elit. Curabitur sed tortor. Integer', 3928, 'Lorem ipsum dolor sit amet, consectetuer adipiscing elit. Curabitur sed tortor. Integer aliquam', '[2,9]', 'Lorem ipsum dolor sit amet, consectetuer adipiscing elit. Curabitur', '2016-07-19 18:34:36', 3, 0),
(39, 13, 2, 'Lorem ipsum dolor sit amet, consectetuer adipiscing elit. Curabitur sed tortor. Integer aliquam adipiscing lacus.', 11971, 'Lorem ipsum dolor sit amet, consectetuer adipiscing elit. Curabitur sed tortor. Integer aliquam', '[1,4,7]', 'Lorem ipsum dolor sit amet, consectetuer adipiscing elit. Curabitur sed tortor. Integer', '2016-07-20 03:05:53', 3, 0),
(40, 41, 1, 'Lorem ipsum dolor sit amet, consectetuer adipiscing elit. Curabitur sed', 11083, 'Lorem ipsum dolor sit amet, consectetuer adipiscing elit. Curabitur sed', '[2,9]', 'Lorem ipsum dolor sit amet,', '2016-07-20 02:24:29', 3, 0),
(41, 35, 2, 'Lorem ipsum dolor sit amet, consectetuer adipiscing elit. Curabitur sed tortor. Integer aliquam adipiscing', 9490, 'Lorem ipsum dolor sit amet, consectetuer adipiscing elit. Curabitur sed tortor.', '[1,5,7]', 'Lorem ipsum dolor sit amet, consectetuer adipiscing', '2016-07-20 23:12:22', 3, 0),
(42, 32, 1, 'Lorem ipsum dolor sit amet, consectetuer adipiscing elit. Curabitur sed tortor. Integer', 7080, 'Lorem ipsum dolor sit amet, consectetuer adipiscing elit. Curabitur sed', '[5]', 'Lorem ipsum dolor sit amet, consectetuer', '2016-07-19 07:23:24', 3, 0),
(43, 33, 1, 'Lorem ipsum dolor sit amet, consectetuer adipiscing elit. Curabitur sed tortor.', 8648, 'Lorem ipsum dolor sit amet, consectetuer adipiscing elit. Curabitur sed tortor.', '[1,5,7]', 'Lorem ipsum dolor sit amet, consectetuer adipiscing elit. Curabitur sed tortor. Integer', '2016-07-20 15:09:01', 3, 0),
(44, 40, 1, 'Lorem ipsum dolor sit amet, consectetuer adipiscing elit. Curabitur sed', 5415, 'Lorem ipsum dolor sit amet, consectetuer adipiscing elit. Curabitur sed tortor. Integer', '[1,4]', 'Lorem ipsum dolor sit amet, consectetuer adipiscing elit.', '2016-07-19 12:31:50', 3, 0),
(45, 9, 1, 'Lorem ipsum dolor sit amet, consectetuer adipiscing elit. Curabitur sed tortor. Integer', 14823, 'Lorem ipsum dolor sit amet, consectetuer adipiscing elit. Curabitur sed', '[2,9]', 'Lorem ipsum dolor sit amet, consectetuer adipiscing elit. Curabitur', '2016-07-20 05:31:07', 3, 0),
(46, 16, 2, 'Lorem ipsum dolor sit amet, consectetuer adipiscing elit. Curabitur sed tortor.', 2686, 'Lorem ipsum dolor sit amet, consectetuer adipiscing elit. Curabitur sed tortor. Integer aliquam adipiscing', '[6,2,5]', 'Lorem ipsum dolor sit amet, consectetuer adipiscing elit. Curabitur sed', '2016-07-20 14:19:25', 3, 0),
(47, 55, 1, 'Lorem ipsum dolor sit amet, consectetuer adipiscing elit. Curabitur sed tortor. Integer', 12537, 'Lorem ipsum dolor sit amet, consectetuer adipiscing elit. Curabitur sed tortor. Integer aliquam adipiscing', '[1,4,7]', 'Lorem ipsum dolor sit amet, consectetuer adipiscing elit. Curabitur sed tortor.', '2016-07-19 19:41:06', 3, 0),
(48, 56, 1, 'Lorem ipsum dolor sit amet, consectetuer adipiscing elit. Curabitur sed tortor. Integer aliquam', 6387, 'Lorem ipsum dolor sit amet, consectetuer adipiscing elit. Curabitur sed tortor. Integer', '[5]', 'Lorem ipsum dolor sit amet, consectetuer adipiscing elit.', '2016-07-19 14:36:00', 3, 0),
(49, 12, 2, 'Lorem ipsum dolor sit amet, consectetuer adipiscing elit. Curabitur sed tortor. Integer', 13143, 'Lorem ipsum dolor sit amet, consectetuer adipiscing elit. Curabitur sed tortor. Integer', '[1,4]', 'Lorem ipsum dolor sit amet, consectetuer adipiscing', '2016-07-19 15:00:17', 3, 0),
(50, 48, 2, 'Lorem ipsum dolor sit amet, consectetuer adipiscing elit. Curabitur sed tortor. Integer aliquam adipiscing', 3092, 'Lorem ipsum dolor sit amet, consectetuer adipiscing elit. Curabitur sed tortor.', '[3,7,8]', 'Lorem ipsum dolor sit amet, consectetuer adipiscing elit. Curabitur sed tortor.', '2016-07-20 13:11:12', 3, 0),
(51, 33, 1, 'Lorem ipsum dolor sit amet, consectetuer adipiscing elit. Curabitur sed tortor. Integer aliquam adipiscing lacus.', 11264, 'Lorem ipsum dolor sit amet, consectetuer adipiscing elit. Curabitur sed tortor. Integer', '[1,4,7]', 'Lorem ipsum dolor sit amet, consectetuer adipiscing elit. Curabitur sed tortor.', '2016-07-20 21:16:03', 3, 0),
(52, 12, 1, 'Lorem ipsum dolor sit amet, consectetuer adipiscing elit. Curabitur sed tortor. Integer aliquam adipiscing lacus.', 4392, 'Lorem ipsum dolor sit amet, consectetuer adipiscing elit. Curabitur sed tortor.', '[1,4]', 'Lorem ipsum dolor sit amet, consectetuer adipiscing elit. Curabitur sed', '2016-07-19 09:09:10', 3, 0),
(53, 4, 1, 'Lorem ipsum dolor sit amet, consectetuer adipiscing elit. Curabitur sed tortor. Integer aliquam adipiscing lacus.', 5563, 'Lorem ipsum dolor sit amet, consectetuer adipiscing elit. Curabitur sed tortor. Integer aliquam', '[3,7,8]', 'Lorem ipsum dolor sit amet, consectetuer adipiscing elit. Curabitur sed', '2016-07-19 15:00:26', 3, 0),
(54, 53, 2, 'Lorem ipsum dolor sit amet, consectetuer adipiscing elit. Curabitur sed tortor. Integer aliquam adipiscing', 6052, 'Lorem ipsum dolor sit amet, consectetuer adipiscing elit. Curabitur sed tortor. Integer aliquam adipiscing', '[5]', 'Lorem ipsum dolor sit amet, consectetuer adipiscing elit. Curabitur sed tortor. Integer aliquam', '2016-07-20 15:33:07', 3, 0),
(55, 5, 2, 'Lorem ipsum dolor sit amet, consectetuer adipiscing elit. Curabitur sed tortor.', 10639, 'Lorem ipsum dolor sit amet, consectetuer adipiscing elit. Curabitur sed tortor. Integer', '[2,9]', 'Lorem ipsum dolor sit amet, consectetuer adipiscing elit. Curabitur', '2016-07-19 10:38:14', 3, 0),
(56, 64, 1, 'Lorem ipsum dolor sit amet, consectetuer adipiscing elit. Curabitur sed', 8258, 'Lorem ipsum dolor sit amet, consectetuer adipiscing elit. Curabitur sed tortor. Integer', '[3,7,8]', 'Lorem ipsum dolor sit amet, consectetuer adipiscing elit. Curabitur', '2016-07-19 17:28:40', 3, 0),
(57, 23, 2, 'Lorem ipsum dolor sit amet, consectetuer adipiscing elit. Curabitur sed', 4253, 'Lorem ipsum dolor sit amet, consectetuer adipiscing elit. Curabitur sed tortor. Integer aliquam adipiscing', '[3,7,8]', 'Lorem ipsum dolor sit amet, consectetuer adipiscing elit. Curabitur sed tortor.', '2016-07-19 17:20:09', 3, 0),
(58, 12, 1, 'Lorem ipsum dolor sit amet, consectetuer adipiscing elit. Curabitur sed tortor. Integer aliquam adipiscing', 7754, 'Lorem ipsum dolor sit amet, consectetuer adipiscing elit. Curabitur sed tortor. Integer aliquam adipiscing lacus.', '[1,4]', 'Lorem ipsum dolor sit amet, consectetuer adipiscing elit. Curabitur', '2016-07-19 19:11:35', 3, 0),
(59, 32, 2, 'Lorem ipsum dolor sit amet, consectetuer adipiscing elit. Curabitur sed tortor. Integer aliquam adipiscing', 11407, 'Lorem ipsum dolor sit amet, consectetuer adipiscing elit. Curabitur sed tortor.', '[1,4]', 'Lorem ipsum dolor sit amet, consectetuer adipiscing elit.', '2016-07-20 17:43:04', 3, 0),
(60, 64, 1, 'Lorem ipsum dolor sit amet, consectetuer adipiscing elit. Curabitur sed tortor. Integer aliquam adipiscing', 12116, 'Lorem ipsum dolor sit amet, consectetuer adipiscing elit. Curabitur sed tortor. Integer', '[3,7,8]', 'Lorem ipsum dolor sit amet, consectetuer adipiscing elit. Curabitur sed tortor. Integer aliquam adipiscing', '2016-07-20 22:14:23', 3, 0),
(61, 64, 1, 'Lorem ipsum dolor sit amet, consectetuer adipiscing elit. Curabitur sed tortor. Integer aliquam adipiscing', 4950, 'Lorem ipsum dolor sit amet, consectetuer adipiscing elit. Curabitur sed tortor. Integer aliquam', '[6,2,5]', 'Lorem ipsum dolor sit amet,', '2016-07-19 06:42:50', 3, 0),
(62, 26, 1, 'Lorem ipsum dolor sit amet, consectetuer adipiscing elit. Curabitur sed tortor. Integer', 3512, 'Lorem ipsum dolor sit amet, consectetuer adipiscing elit. Curabitur sed tortor. Integer aliquam', '[3,7,8]', 'Lorem ipsum dolor sit amet, consectetuer adipiscing elit. Curabitur sed tortor. Integer aliquam adipiscing lacus.', '2016-07-19 07:35:28', 3, 0),
(63, 49, 1, 'Lorem ipsum dolor sit amet, consectetuer adipiscing elit. Curabitur sed tortor. Integer aliquam adipiscing lacus.', 13596, 'Lorem ipsum dolor sit amet, consectetuer adipiscing elit. Curabitur sed tortor. Integer aliquam adipiscing lacus.', '[6,2,5]', 'Lorem ipsum dolor sit amet, consectetuer adipiscing elit. Curabitur sed tortor.', '2016-07-20 04:38:29', 3, 0),
(64, 6, 2, 'Lorem ipsum dolor sit amet, consectetuer adipiscing elit. Curabitur sed tortor. Integer aliquam adipiscing', 3540, 'Lorem ipsum dolor sit amet, consectetuer adipiscing elit. Curabitur sed tortor.', '[2,9]', 'Lorem ipsum dolor sit amet, consectetuer adipiscing elit. Curabitur sed tortor. Integer aliquam adipiscing lacus.', '2016-07-19 03:06:21', 3, 0),
(65, 32, 2, 'Lorem ipsum dolor sit amet, consectetuer adipiscing elit. Curabitur sed tortor. Integer', 5329, 'Lorem ipsum dolor sit amet, consectetuer adipiscing elit. Curabitur sed tortor. Integer aliquam adipiscing', '[1,5,7]', 'Lorem ipsum dolor sit amet, consectetuer adipiscing elit. Curabitur sed tortor. Integer', '2016-07-19 21:09:19', 3, 0),
(66, 47, 1, 'Lorem ipsum dolor sit amet, consectetuer adipiscing elit. Curabitur sed tortor. Integer aliquam adipiscing', 12190, 'Lorem ipsum dolor sit amet, consectetuer adipiscing elit. Curabitur sed', '[3,7,8]', 'Lorem ipsum dolor sit amet,', '2016-07-19 00:30:10', 3, 0),
(67, 38, 1, 'Lorem ipsum dolor sit amet, consectetuer adipiscing elit. Curabitur sed tortor. Integer', 3495, 'Lorem ipsum dolor sit amet, consectetuer adipiscing elit. Curabitur sed tortor. Integer', '[2,9]', 'Lorem ipsum dolor sit amet, consectetuer adipiscing elit. Curabitur sed tortor. Integer aliquam adipiscing lacus.', '2016-07-20 20:36:40', 3, 0),
(68, 59, 1, 'Lorem ipsum dolor sit amet, consectetuer adipiscing elit. Curabitur sed tortor.', 4550, 'Lorem ipsum dolor sit amet, consectetuer adipiscing elit. Curabitur sed tortor. Integer aliquam', '[1,5,7]', 'Lorem ipsum dolor sit amet, consectetuer adipiscing elit. Curabitur', '2016-07-19 22:36:52', 3, 0),
(69, 57, 1, 'Lorem ipsum dolor sit amet, consectetuer adipiscing elit. Curabitur sed tortor. Integer aliquam', 8634, 'Lorem ipsum dolor sit amet, consectetuer adipiscing elit. Curabitur sed tortor.', '[1,4,7]', 'Lorem ipsum dolor sit amet,', '2016-07-20 23:00:12', 3, 0),
(70, 64, 1, 'Lorem ipsum dolor sit amet, consectetuer adipiscing elit. Curabitur sed tortor.', 12470, 'Lorem ipsum dolor sit amet, consectetuer adipiscing elit. Curabitur sed tortor. Integer aliquam adipiscing lacus.', '[1,4,7]', 'Lorem ipsum dolor sit amet, consectetuer adipiscing', '2016-07-19 18:34:38', 3, 0);

-- --------------------------------------------------------

--
-- Estructura de tabla para la tabla `rols_usuario`
--

DROP TABLE IF EXISTS `rols_usuario`;
CREATE TABLE IF NOT EXISTS `rols_usuario` (
  `id` int(11) NOT NULL AUTO_INCREMENT,
  `nombre` varchar(155) NOT NULL,
  `permisos` varchar(255) DEFAULT '[]',
  `system` smallint(1) DEFAULT '0',
  PRIMARY KEY (`id`)
) ENGINE=InnoDB  DEFAULT CHARSET=utf8 AUTO_INCREMENT=5 ;

--
-- Volcado de datos para la tabla `rols_usuario`
--

INSERT INTO `rols_usuario` (`id`, `nombre`, `permisos`, `system`) VALUES
(1, 'Administrador', '[1,2,3,4]', 1),
(2, 'Recepcionista', '[2,3,4]', 1),
(3, 'Usuario', '[5]', 1),
(4, 'Cliente', '[]', 0);

-- --------------------------------------------------------

--
-- Estructura de tabla para la tabla `tipos_combustible`
--

DROP TABLE IF EXISTS `tipos_combustible`;
CREATE TABLE IF NOT EXISTS `tipos_combustible` (
  `id` int(11) NOT NULL AUTO_INCREMENT,
  `nombre` varchar(45) NOT NULL,
  PRIMARY KEY (`id`)
) ENGINE=InnoDB  DEFAULT CHARSET=utf8 AUTO_INCREMENT=4 ;

--
-- Volcado de datos para la tabla `tipos_combustible`
--

INSERT INTO `tipos_combustible` (`id`, `nombre`) VALUES
(1, 'Gasolina'),
(2, 'Diesel'),
(3, 'Gas');

-- --------------------------------------------------------

--
-- Estructura de tabla para la tabla `tipos_ingreso`
--

DROP TABLE IF EXISTS `tipos_ingreso`;
CREATE TABLE IF NOT EXISTS `tipos_ingreso` (
  `id` int(11) NOT NULL AUTO_INCREMENT,
  `nombre` varchar(45) NOT NULL,
  PRIMARY KEY (`id`)
) ENGINE=InnoDB  DEFAULT CHARSET=utf8 AUTO_INCREMENT=3 ;

--
-- Volcado de datos para la tabla `tipos_ingreso`
--

INSERT INTO `tipos_ingreso` (`id`, `nombre`) VALUES
(1, 'Mantenimiento Correctivo'),
(2, 'Mantenimiento Preventivo');

-- --------------------------------------------------------

--
-- Estructura de tabla para la tabla `tipos_lugar`
--

DROP TABLE IF EXISTS `tipos_lugar`;
CREATE TABLE IF NOT EXISTS `tipos_lugar` (
  `id` int(11) NOT NULL AUTO_INCREMENT,
  `nombre` varchar(55) NOT NULL,
  `depende` int(11) DEFAULT NULL,
  `estado` smallint(1) DEFAULT '1',
  PRIMARY KEY (`id`),
  KEY `fk_tipos_lugar_tipos_lugar1_idx` (`depende`)
) ENGINE=InnoDB  DEFAULT CHARSET=utf8 AUTO_INCREMENT=5 ;

--
-- Volcado de datos para la tabla `tipos_lugar`
--

INSERT INTO `tipos_lugar` (`id`, `nombre`, `depende`, `estado`) VALUES
(1, 'Pais', NULL, 1),
(2, 'Departamento', 1, 1),
(3, 'Ciudad', 2, 1),
(4, 'Barrio', 3, 1);

-- --------------------------------------------------------

--
-- Estructura de tabla para la tabla `tipos_vehiculo`
--

DROP TABLE IF EXISTS `tipos_vehiculo`;
CREATE TABLE IF NOT EXISTS `tipos_vehiculo` (
  `id` int(11) NOT NULL AUTO_INCREMENT,
  `nombre` varchar(155) NOT NULL,
  PRIMARY KEY (`id`)
) ENGINE=InnoDB  DEFAULT CHARSET=utf8 AUTO_INCREMENT=10 ;

--
-- Volcado de datos para la tabla `tipos_vehiculo`
--

INSERT INTO `tipos_vehiculo` (`id`, `nombre`) VALUES
(1, 'Automovil'),
(2, 'Camioneta'),
(3, 'Campero'),
(4, 'Camion'),
(5, 'Bus'),
(6, 'Volqueta'),
(7, 'Remolque'),
(8, 'Tracto-Camión'),
(9, 'Semi-Remolque');

-- --------------------------------------------------------

--
-- Estructura de tabla para la tabla `usuarios`
--

DROP TABLE IF EXISTS `usuarios`;
CREATE TABLE IF NOT EXISTS `usuarios` (
  `id` int(11) NOT NULL AUTO_INCREMENT,
  `cedula` varchar(45) NOT NULL,
  `password` varchar(155) NOT NULL,
  `nombres` varchar(155) NOT NULL,
  `apellidos` varchar(155) NOT NULL,
  `telefono` varchar(65) DEFAULT NULL,
  `email` varchar(255) DEFAULT NULL,
  `image` varchar(155) DEFAULT 'default.png',
  `rol` int(11) NOT NULL,
  `permisos` varchar(255) DEFAULT '[]',
  `fecha_creacion` datetime NOT NULL,
  `fecha_sesion_actual` datetime NOT NULL,
  `fecha_ultima_sesion` datetime NOT NULL,
  `estado` smallint(1) DEFAULT '1',
  PRIMARY KEY (`id`),
  KEY `fk_usuarios_rols_usuario_idx` (`rol`)
) ENGINE=InnoDB  DEFAULT CHARSET=utf8 AUTO_INCREMENT=56 ;

--
-- Volcado de datos para la tabla `usuarios`
--

INSERT INTO `usuarios` (`id`, `cedula`, `password`, `nombres`, `apellidos`, `telefono`, `email`, `image`, `rol`, `permisos`, `fecha_creacion`, `fecha_sesion_actual`, `fecha_ultima_sesion`, `estado`) VALUES
(1, '1052313618', '$2a$07$KgWJJoRGtVLlRmZUgCC2Xev5Nzl4l4i5O7oJt6z.Qx7GsZHqdYI/2', 'Sergio', 'Alfonso', '3216549875', 'arag_ong@yahoo.es', 'default.png', 1, '[1,2]', '2016-06-13 19:06:00', '2016-07-20 21:54:51', '2016-07-20 08:21:05', 1),
(3, '1004402', '$2a$07$g008hyw23KMJPBCtyBE8yOVoHMHR6VNG/iAT4xItmzw5cM5LNIC16', 'Luis Jose', 'Alfonso Acero', '7820548', 'lucho@hotmail.com', 'default.png', 2, '[2,3,4]', '2016-06-20 22:15:56', '2016-06-20 22:15:56', '2016-06-20 22:15:56', 1),
(5, '36164545156', '$2a$07$NWLqYuqPIkXoXONAzP.Pe.PrVBcdIhDpA40lcwW03mcrJOorTjwiC', 'Facundo', 'Fuentes', '2156546546', 'faco@siadcar.com', 'default.png', 3, '[5]', '2016-06-29 18:04:03', '2016-07-20 09:27:52', '2016-06-29 18:04:03', 1),
(6, '10559023', 'asdfg', 'Emmanuel Vanna', 'Vidal Guzm', '516 9204', 'Sed.molestie.Sed@fermentumconvallisligula.net', 'default.png', 4, '[]', '2016-06-07 08:21:01', '2016-07-19 15:01:54', '2016-07-18 00:04:03', 1),
(7, '43513219', 'asdfg', 'Karina Lysandra', 'Rojas Aguilera', '826 5797', 'ipsum.porta@CrasinterdumNunc.com', 'default.png', 4, '[]', '2016-04-02 03:33:17', '2016-07-19 00:00:40', '2016-07-18 17:52:14', 1),
(8, '28803842', 'asdfg', 'Macey Charlotte', 'Torres Sandoval', '295 6456', 'massa.Mauris@semperegestas.ca', 'default.png', 4, '[]', '2016-06-19 22:05:14', '2016-07-19 07:14:28', '2016-07-18 05:11:16', 1),
(9, '33539933', 'asdfg', 'Vivian Reuben', 'Ram?rez Ram?rez', '503 2050', 'eu.euismod.ac@pellentesquemassa.edu', 'default.png', 4, '[]', '2016-06-14 01:23:59', '2016-07-19 22:21:50', '2016-07-18 22:18:23', 1),
(10, '43571668', 'asdfg', 'Brenden Ava', 'Castro ?lvarez', '682 0564', 'augue.scelerisque@non.co.uk', 'default.png', 4, '[]', '2016-05-03 15:55:40', '2016-07-19 00:29:15', '2016-07-18 13:30:48', 1),
(11, '32353386', 'asdfg', 'Griffin Kermit', 'Vald?s Alvarado', '973 1726', 'quis@ametorci.com', 'default.png', 4, '[]', '2016-06-12 00:17:32', '2016-07-19 12:30:23', '2016-07-18 23:44:16', 1),
(12, '13825916', 'asdfg', 'Colette Allistair', 'Godoy Sanhueza', '354 9516', 'pede.Cras.vulputate@nequeNullamut.co.uk', 'default.png', 4, '[]', '2016-06-11 23:06:35', '2016-07-19 06:21:08', '2016-07-18 06:13:16', 1),
(13, '34902484', 'asdfg', 'Ariel Hop', 'Parra Vera', '263 7991', 'Proin@utnullaCras.co.uk', 'default.png', 4, '[]', '2016-06-17 22:14:53', '2016-07-19 18:00:00', '2016-07-18 23:49:34', 1),
(14, '20610843', 'asdfg', 'Shannon Fitzgerald', 'Parra C?ceres', '741 4668', 'fringilla.purus.mauris@est.net', 'default.png', 4, '[]', '2016-04-01 02:37:32', '2016-07-19 07:08:45', '2016-07-18 08:17:47', 1),
(15, '30489102', 'asdfg', 'Blair Rylee', 'Y??ez Toro', '388 3688', 'egestas.a.scelerisque@tellusAenean.net', 'default.png', 4, '[]', '2016-04-01 17:42:36', '2016-07-19 13:46:15', '2016-07-18 10:08:32', 1),
(16, '26694833', 'asdfg', 'Sean Jamal', 'Olivares Saavedra', '609 4126', 'Proin.ultrices.Duis@ipsum.com', 'default.png', 4, '[]', '2016-05-08 19:19:25', '2016-07-19 04:48:21', '2016-07-18 05:12:03', 1),
(17, '12774495', 'asdfg', 'Felicia Walter', 'Reyes Henr?quez', '166 1465', 'pede@turpis.ca', 'default.png', 4, '[]', '2016-05-16 17:31:50', '2016-07-19 22:57:18', '2016-07-18 00:55:20', 1),
(18, '33975896', 'asdfg', 'Dominic Noelani', 'Carvajal Pino', '991 6450', 'est.tempor.bibendum@sed.ca', 'default.png', 4, '[]', '2016-06-17 19:06:15', '2016-07-19 04:54:04', '2016-07-18 14:37:02', 1),
(19, '12084582', 'asdfg', 'Denise Judith', 'Gallardo Carrasco', '016 7156', 'mus.Proin@Nullatinciduntneque.com', 'default.png', 4, '[]', '2016-06-11 01:50:50', '2016-07-19 07:16:29', '2016-07-18 07:48:31', 1),
(20, '14005264', 'asdfg', 'Hasad Maisie', 'Ruiz Moreno', '091 4840', 'Nunc@porttitor.ca', 'default.png', 4, '[]', '2016-07-14 00:54:51', '2016-07-19 07:32:18', '2016-07-18 20:35:21', 1),
(21, '39051228', 'asdfg', 'Carly Ryder', 'Aguilera Flores', '158 7990', 'Integer.vitae@ac.co.uk', 'default.png', 4, '[]', '2016-04-25 12:52:17', '2016-07-19 14:46:40', '2016-07-18 17:18:47', 1),
(22, '47632042', 'asdfg', 'Tate Raya', 'Toro Sandoval', '258 1187', 'porttitor.scelerisque@diam.net', 'default.png', 4, '[]', '2016-05-27 06:55:17', '2016-07-19 03:35:03', '2016-07-18 04:46:43', 1),
(23, '29542031', 'asdfg', 'Gage Bruno', 'C?rdenas Romero', '106 4957', 'elementum@malesuada.co.uk', 'default.png', 4, '[]', '2016-05-29 12:55:30', '2016-07-19 11:10:39', '2016-07-18 08:02:01', 1),
(24, '43570164', 'asdfg', 'Ferris Gillian', 'L?pez Reyes', '496 0275', 'mattis@loremlorem.ca', 'default.png', 4, '[]', '2016-05-19 23:15:11', '2016-07-19 05:05:58', '2016-07-18 04:44:54', 1),
(25, '35163054', 'asdfg', 'Clayton Chastity', 'Vald?s Araya', '659 3014', 'Nunc@Nam.org', 'default.png', 4, '[]', '2016-06-22 21:18:01', '2016-07-19 07:46:47', '2016-07-18 01:07:46', 1),
(26, '6314991', 'asdfg', 'Tasha Lenore', 'C?rdenas Jara', '476 8603', 'convallis.dolor.Quisque@consectetuer.edu', 'default.png', 4, '[]', '2016-05-24 19:23:11', '2016-07-19 08:39:04', '2016-07-18 23:40:56', 1),
(27, '40624771', 'asdfg', 'Evelyn Tashya', 'Rodr?guez Paredes', '068 3055', 'semper.rutrum.Fusce@ligulaelitpretium.net', 'default.png', 4, '[]', '2016-04-27 07:40:59', '2016-07-19 13:19:55', '2016-07-18 01:48:33', 1),
(28, '32875391', 'asdfg', 'Rahim Norman', 'Araya Aguilera', '552 7161', 'scelerisque.mollis@Etiamlaoreetlibero.co.uk', 'default.png', 4, '[]', '2016-06-21 21:21:51', '2016-07-19 01:13:54', '2016-07-18 23:47:50', 1),
(29, '21513428', 'asdfg', 'Emma Hasad', 'Carvajal Far?as', '924 3149', 'tincidunt@egestasDuisac.net', 'default.png', 4, '[]', '2016-07-10 09:59:39', '2016-07-19 12:35:53', '2016-07-18 12:54:06', 1),
(30, '47366307', 'asdfg', 'Fuller Brenna', 'Ortiz Gallardo', '402 6056', 'lectus.a.sollicitudin@lacusUtnec.net', 'default.png', 4, '[]', '2016-06-05 23:16:50', '2016-07-19 20:44:59', '2016-07-18 08:01:21', 1),
(31, '42950441', 'asdfg', 'Sarah Mia', 'Parra Carvajal', '805 2951', 'orci@congueturpis.edu', 'default.png', 4, '[]', '2016-06-08 06:33:34', '2016-07-19 05:45:35', '2016-07-18 21:50:26', 1),
(32, '28089572', 'asdfg', 'Mary Madonna', 'Castro C?ceres', '839 5151', 'orci.luctus.et@Morbisitamet.net', 'default.png', 4, '[]', '2016-05-01 17:38:30', '2016-07-19 07:21:25', '2016-07-18 15:32:48', 1),
(33, '5064537', 'asdfg', 'Leo Gail', 'Bustamante Molina', '657 1111', 'Sed@tinciduntcongueturpis.com', 'default.png', 4, '[]', '2016-07-08 04:09:57', '2016-07-19 08:10:50', '2016-07-18 17:03:34', 1),
(34, '49182690', 'asdfg', 'Kibo Mary', 'Pizarro Olivares', '352 1133', 'magna@idnunc.net', 'default.png', 4, '[]', '2016-06-26 16:49:43', '2016-07-19 02:47:06', '2016-07-18 01:20:52', 1),
(35, '22934571', 'asdfg', 'Dylan Rooney', 'Mart?nez Soto', '640 8600', 'taciti.sociosqu.ad@nec.org', 'default.png', 4, '[]', '2016-05-14 18:42:50', '2016-07-19 12:26:52', '2016-07-18 08:02:15', 1),
(36, '13197578', 'asdfg', 'Charles Conan', 'Saavedra Olivares', '552 5210', 'aliquet.nec.imperdiet@ultricies.co.uk', 'default.png', 4, '[]', '2016-04-28 02:12:21', '2016-07-19 05:32:24', '2016-07-18 10:18:59', 1),
(37, '9295588', 'asdfg', 'Hermione Casey', 'Romero Rodr?guez', '062 6914', 'molestie@laoreetipsum.org', 'default.png', 4, '[]', '2016-06-22 16:15:41', '2016-07-19 07:36:35', '2016-07-18 16:15:38', 1),
(38, '21521909', 'asdfg', 'Keaton Rae', 'Vargas S?nchez', '507 2007', 'est@pharetraNam.org', 'default.png', 4, '[]', '2016-04-02 15:06:53', '2016-07-19 11:37:28', '2016-07-18 13:06:37', 1),
(39, '32267369', 'asdfg', 'Bo Melyssa', 'Rojas Moreno', '463 5742', 'felis@estacmattis.net', 'default.png', 4, '[]', '2016-04-13 06:11:12', '2016-07-19 22:28:13', '2016-07-18 00:54:45', 1),
(40, '26091391', 'asdfg', 'Vivian Alden', 'Ortiz Vergara', '537 6600', 'nibh@id.net', 'default.png', 4, '[]', '2016-04-21 23:52:41', '2016-07-19 17:14:46', '2016-07-18 04:46:41', 1),
(41, '26659955', 'asdfg', 'Shafira Kimberley', 'Campos Venegas', '765 9885', 'vitae@cursusetmagna.edu', 'default.png', 4, '[]', '2016-05-30 01:18:35', '2016-07-19 04:29:11', '2016-07-18 03:23:46', 1),
(42, '31032863', 'asdfg', 'Stewart Candace', 'Fuentes Morales', '285 2056', 'dolor.egestas.rhoncus@erat.net', 'default.png', 4, '[]', '2016-05-06 08:33:01', '2016-07-19 09:53:41', '2016-07-18 10:25:52', 1),
(43, '26138819', 'asdfg', 'Wilma Cleo', 'Carrasco P?rez', '643 9576', 'ipsum.sodales.purus@eunulla.org', 'default.png', 4, '[]', '2016-05-15 01:10:45', '2016-07-19 16:34:46', '2016-07-18 09:20:32', 1),
(44, '22367213', 'asdfg', 'Charles Peter', 'Ruiz Sandoval', '697 4725', 'Cras@nonegestas.com', 'default.png', 4, '[]', '2016-06-05 01:40:19', '2016-07-19 19:36:50', '2016-07-18 12:37:31', 1),
(45, '5589276', 'asdfg', 'Candice Ariel', 'Garc?a Godoy', '903 1819', 'sollicitudin.a.malesuada@Quisqueornaretortor.net', 'default.png', 4, '[]', '2016-04-15 13:26:14', '2016-07-19 06:23:42', '2016-07-18 22:22:30', 1),
(46, '8053222', 'asdfg', 'Amery Noelle', 'Vargas Navarro', '530 8505', 'Fusce.feugiat@risusquis.edu', 'default.png', 4, '[]', '2016-07-02 06:21:40', '2016-07-19 23:34:18', '2016-07-18 21:49:39', 1),
(47, '11279960', 'asdfg', 'Susan Carl', 'Navarrete Guerrero', '387 5264', 'libero@Proinvel.edu', 'default.png', 4, '[]', '2016-05-09 09:44:26', '2016-07-19 15:11:49', '2016-07-18 13:13:41', 1),
(48, '34813319', 'asdfg', 'Ulysses Bertha', 'Contreras Parra', '710 0911', 'Pellentesque.tincidunt.tempus@ullamcorpernisl.org', 'default.png', 4, '[]', '2016-04-24 16:37:10', '2016-07-19 10:41:34', '2016-07-18 04:41:51', 1),
(49, '43274999', 'asdfg', 'Brady Finn', 'Garrido Rodr?guez', '221 7261', 'Nunc.ut.erat@in.com', 'default.png', 4, '[]', '2016-06-03 07:47:32', '2016-07-19 19:21:44', '2016-07-18 08:42:08', 1),
(50, '49067819', 'asdfg', 'Kieran Iliana', 'Salinas Navarro', '734 4534', 'diam@tempusscelerisque.org', 'default.png', 4, '[]', '2016-05-08 00:51:37', '2016-07-19 09:58:20', '2016-07-18 14:20:49', 1),
(51, '31414076', 'asdfg', 'Fredericka Devin', 'N??ez Leiva', '896 4964', 'eu.eleifend@Curabitur.ca', 'default.png', 4, '[]', '2016-07-07 04:14:50', '2016-07-19 21:25:28', '2016-07-18 08:12:19', 1),
(52, '23250710', 'asdfg', 'Iliana Zelda', 'Orellana Sandoval', '464 3929', 'varius.orci.in@sed.edu', 'default.png', 4, '[]', '2016-05-22 10:16:16', '2016-07-19 18:07:36', '2016-07-18 06:36:04', 1),
(53, '21981165', 'asdfg', 'Kuame Carolyn', 'Rojas Rojas', '497 3581', 'varius.orci@ultrices.org', 'default.png', 4, '[]', '2016-06-25 21:58:24', '2016-07-19 06:02:53', '2016-07-18 21:36:05', 1),
(54, '35845960', 'asdfg', 'Blaze Ori', 'Orellana C?rdenas', '070 1515', 'risus@ac.co.uk', 'default.png', 4, '[]', '2016-06-15 17:28:33', '2016-07-19 10:26:33', '2016-07-18 01:21:04', 1),
(55, '20989052', 'asdfg', 'Rae Lyle', 'Carvajal Moreno', '040 0561', 'libero.Proin@etlacinia.co.uk', 'default.png', 4, '[]', '2016-06-18 14:33:02', '2016-07-19 10:51:45', '2016-07-18 12:11:33', 1);

-- --------------------------------------------------------

--
-- Estructura de tabla para la tabla `vehiculos`
--

DROP TABLE IF EXISTS `vehiculos`;
CREATE TABLE IF NOT EXISTS `vehiculos` (
  `id` int(11) NOT NULL AUTO_INCREMENT,
  `propietario` int(11) NOT NULL,
  `tipo` int(11) NOT NULL,
  `marca` int(11) NOT NULL,
  `referencia` varchar(155) NOT NULL,
  `modelo` int(11) NOT NULL,
  `placas` varchar(10) NOT NULL,
  `tipo_combustible` int(11) NOT NULL,
  `numero_motor` varchar(65) NOT NULL,
  `numero_chasis` varchar(65) NOT NULL,
  `color` varchar(45) NOT NULL,
  `descripcion` varchar(255) DEFAULT NULL,
  `observaciones` text,
  `fecha_creacion` datetime DEFAULT NULL,
  `estado` smallint(1) DEFAULT '1',
  PRIMARY KEY (`id`),
  KEY `fk_vehiculos_tipos_vehiculo1_idx` (`tipo`),
  KEY `fk_vehiculos_marcas_vehiculo1_idx` (`marca`),
  KEY `fk_vehiculos_tipos_combustible1_idx` (`tipo_combustible`),
  KEY `fk_vehiculos_clientes1_idx` (`propietario`)
) ENGINE=InnoDB  DEFAULT CHARSET=utf8 AUTO_INCREMENT=66 ;

--
-- Volcado de datos para la tabla `vehiculos`
--

INSERT INTO `vehiculos` (`id`, `propietario`, `tipo`, `marca`, `referencia`, `modelo`, `placas`, `tipo_combustible`, `numero_motor`, `numero_chasis`, `color`, `descripcion`, `observaciones`, `fecha_creacion`, `estado`) VALUES
(1, 39, 2, 27, 'Benicar HCT', 2002, '879-AAA', 2, '308373-5401', '427367-8153', 'azul', '', '', '2016-07-18 04:04:15', 1),
(2, 32, 8, 29, 'Cephalexin', 1998, '823-AAB', 3, '743032-2607', '869082-7012', 'azul', '', '', '2016-07-16 18:00:51', 1),
(3, 47, 4, 12, '', 2000, '221-AAA', 1, '166617-0038', '207396-7552', 'verde', '', '', '2016-07-16 05:03:52', 1),
(4, 22, 3, 15, '', 2007, '433-AAB', 1, '417361-8028', '363814-8605', 'amarillo', '', '', '2016-07-18 11:31:21', 1),
(5, 37, 6, 24, 'Suboxone', 2006, '120-AAA', 3, '563652-9629', '849022-7983', 'amarillo', '', '', '2016-07-16 02:40:12', 1),
(6, 32, 2, 21, 'Methylprednisolone', 1999, '431-AAB', 3, '535401-1206', '054160-9905', 'naranja', '', '', '2016-07-16 03:38:55', 1),
(7, 16, 2, 14, 'Simvastatin', 2000, '572-AAA', 3, '449250-9148', '804214-5212', 'naranja', '', '', '2016-07-17 00:45:29', 1),
(8, 12, 1, 17, '', 2006, '497-AAB', 1, '462812-4770', '552687-8276', 'amarillo', '', '', '2016-07-18 00:58:17', 1),
(9, 24, 1, 2, 'Potassium Chloride', 2002, '774-AAA', 1, '808533-4608', '437454-8784', 'azul', '', '', '2016-07-17 17:46:26', 1),
(10, 42, 6, 19, '', 2001, '556-AAB', 2, '923775-5450', '595480-5395', 'violeta', '', '', '2016-07-17 14:52:11', 1),
(11, 17, 3, 12, 'Lisinopril', 2004, '320-AAA', 3, '176357-5675', '132028-7483', 'violeta', '', '', '2016-07-17 23:36:55', 1),
(12, 27, 6, 7, '', 2008, '303-AAB', 2, '929308-4662', '133730-1749', '?ndigo', '', '', '2016-07-18 23:02:25', 1),
(13, 47, 5, 22, 'Carvedilol', 2005, '148-AAA', 2, '328165-6383', '683091-4864', 'violeta', '', '', '2016-07-17 00:19:11', 1),
(14, 9, 1, 7, '', 2002, '336-AAB', 3, '672237-2551', '102826-4727', 'verde', '', '', '2016-07-16 18:58:00', 1),
(15, 31, 4, 21, 'Lisinopril', 2008, '723-AAA', 2, '229390-9301', '124579-3680', 'amarillo', '', '', '2016-07-18 12:50:59', 1),
(16, 7, 8, 5, 'Simvastatin', 1999, '199-AAB', 1, '236757-8925', '312499-0833', 'azul', '', '', '2016-07-18 18:17:46', 1),
(17, 21, 5, 23, '', 2001, '851-AAA', 2, '919958-8626', '989865-1683', 'rojo', '', '', '2016-07-17 12:24:58', 1),
(18, 14, 9, 1, 'Gabapentin', 2007, '150-AAB', 3, '555399-5894', '269740-7084', 'azul', '', '', '2016-07-18 17:46:15', 1),
(19, 48, 7, 2, 'Cephalexin', 2004, '636-AAA', 1, '365060-0061', '659639-6173', 'naranja', '', '', '2016-07-18 00:17:11', 1),
(20, 14, 4, 10, '', 2007, '446-AAB', 3, '474723-4799', '495187-0296', 'amarillo', '', '', '2016-07-17 08:31:12', 1),
(21, 3, 2, 23, 'Lisinopril', 1999, '519-AAA', 3, '542440-4894', '108081-9517', 'verde', '', '', '2016-07-18 17:11:34', 1),
(22, 34, 1, 31, '', 2013, '524-AAB', 1, '826859-6742', '092927-7325', 'amarillo', '', '', '2016-07-18 07:11:37', 1),
(23, 3, 4, 11, '', 2005, '456-AAA', 1, '827763-3718', '655698-6328', 'naranja', '', '', '2016-07-18 10:01:18', 1),
(24, 18, 2, 10, '', 2007, '231-AAB', 1, '314665-3559', '949665-5979', '?ndigo', '', '', '2016-07-18 02:57:04', 1),
(25, 50, 7, 27, '', 2013, '681-AAA', 2, '867012-9926', '496396-3584', 'rojo', '', '', '2016-07-18 19:05:13', 1),
(26, 20, 2, 25, '', 2012, '173-AAB', 2, '417392-3469', '969536-6857', 'verde', '', '', '2016-07-16 21:37:40', 1),
(27, 3, 5, 12, '', 2008, '439-AAA', 2, '729236-1412', '293048-9501', 'rojo', '', '', '2016-07-18 19:57:03', 1),
(28, 46, 9, 31, '', 2003, '673-AAB', 3, '765257-7573', '277881-8340', '?ndigo', '', '', '2016-07-16 06:50:55', 1),
(29, 3, 4, 14, '', 1998, '654-AAA', 1, '044207-5347', '998521-2050', 'azul', '', '', '2016-07-18 11:39:51', 1),
(30, 50, 7, 12, '', 1998, '152-AAB', 3, '744745-7305', '438287-5518', 'amarillo', '', '', '2016-07-17 21:17:59', 1),
(31, 47, 9, 3, '', 2002, '258-AAA', 2, '302447-3005', '924784-8253', 'verde', '', '', '2016-07-16 16:42:41', 1),
(32, 35, 9, 2, '', 2005, '311-AAB', 3, '902885-9024', '088422-8925', 'rojo', '', '', '2016-07-18 22:32:43', 1),
(33, 39, 4, 4, '', 2005, '592-AAA', 1, '035893-2069', '507714-6545', 'verde', '', '', '2016-07-18 03:32:33', 1),
(34, 44, 9, 29, '', 2013, '242-AAB', 2, '322195-3775', '414027-1968', 'verde', '', '', '2016-07-17 23:34:24', 1),
(35, 36, 1, 26, '', 2011, '311-AAA', 3, '173668-3325', '322695-7599', 'verde', '', '', '2016-07-18 16:34:28', 1),
(36, 15, 7, 16, 'Azithromycin', 2003, '893-AAB', 2, '687879-2149', '407864-4558', 'amarillo', '', '', '2016-07-16 02:37:58', 1),
(37, 29, 7, 3, '', 2011, '605-AAA', 3, '152745-3979', '322422-7581', 'rojo', '', '', '2016-07-16 04:11:13', 1),
(38, 35, 5, 16, 'Metformin HCl', 2011, '170-AAB', 2, '658324-5300', '495285-2855', '?ndigo', '', '', '2016-07-18 16:31:21', 1),
(39, 32, 4, 31, 'Gabapentin', 2008, '831-AAA', 1, '955796-8626', '128308-4943', 'violeta', '', '', '2016-07-17 22:15:48', 1),
(40, 43, 2, 1, '', 2011, '780-AAB', 3, '796777-0772', '086166-8218', 'azul', '', '', '2016-07-18 07:32:16', 1),
(41, 48, 4, 5, '', 2006, '899-AAA', 3, '465176-2751', '494258-4618', '?ndigo', '', '', '2016-07-16 23:42:29', 1),
(42, 22, 3, 28, '', 1998, '971-AAB', 3, '126860-5191', '412061-3676', '?ndigo', '', '', '2016-07-16 12:30:03', 1),
(43, 24, 7, 4, '', 2012, '967-AAA', 2, '745944-3243', '005589-2533', 'naranja', '', '', '2016-07-17 18:19:09', 1),
(44, 9, 9, 13, 'Levaquin', 1998, '342-AAB', 3, '295074-0577', '517518-8076', '?ndigo', '', '', '2016-07-18 10:56:29', 1),
(45, 24, 1, 1, 'Metoprolol Succinate', 2004, '265-AAA', 1, '452519-7804', '112412-6887', 'verde', '', '', '2016-07-16 22:01:43', 1),
(46, 2, 9, 13, '', 2007, '991-AAB', 2, '578222-6319', '645582-4695', 'naranja', '', '', '2016-07-18 08:04:58', 1),
(47, 32, 2, 27, '', 2004, '130-AAA', 3, '787137-9686', '623395-3899', 'verde', '', '', '2016-07-17 16:15:21', 1),
(48, 24, 6, 9, 'Alprazolam', 2012, '334-AAB', 1, '328152-6115', '348819-1598', 'azul', '', '', '2016-07-16 03:46:20', 1),
(49, 36, 2, 29, '', 2002, '647-AAA', 2, '943882-1747', '637073-0910', 'azul', '', '', '2016-07-16 09:49:31', 1),
(50, 6, 7, 18, 'Prednisone', 2012, '742-AAB', 3, '709226-3933', '326526-6605', 'azul', '', '', '2016-07-16 05:27:34', 1),
(51, 34, 7, 20, 'Gabapentin', 2002, '597-AAA', 1, '247262-8177', '973925-2642', 'violeta', '', '', '2016-07-18 15:52:10', 1),
(52, 37, 7, 27, 'Ventolin HFA', 2009, '654-AAB', 3, '184490-8267', '588465-5704', 'violeta', '', '', '2016-07-17 06:53:03', 1),
(53, 49, 5, 20, 'Pantoprazole Sodium', 2011, '135-AAA', 3, '888625-9509', '714026-9957', 'amarillo', '', '', '2016-07-16 07:25:26', 1),
(54, 22, 7, 9, '', 2009, '263-AAB', 2, '495971-8919', '387782-5996', 'violeta', '', '', '2016-07-18 18:59:09', 1),
(55, 17, 9, 16, '', 1999, '960-AAA', 2, '883441-9544', '595816-1282', 'amarillo', '', '', '2016-07-17 09:13:31', 1),
(56, 42, 7, 13, '', 2005, '338-AAB', 3, '324244-4812', '589037-2245', 'violeta', '', '', '2016-07-18 21:03:40', 1),
(57, 19, 5, 16, 'Ciprofloxacin HCl', 2012, '691-AAA', 2, '062854-5162', '167603-7649', 'azul', '', '', '2016-07-18 06:18:00', 1),
(58, 35, 3, 25, 'Fluticasone Propionate', 2011, '153-AAB', 3, '106699-2353', '974732-0001', 'rojo', '', '', '2016-07-17 19:32:12', 1),
(59, 38, 4, 1, '', 1999, '409-AAA', 1, '133590-9873', '287073-0534', 'amarillo', '', '', '2016-07-17 19:52:12', 1),
(60, 40, 6, 4, '', 2005, '139-AAB', 3, '707686-3153', '248504-3380', 'naranja', '', '', '2016-07-17 21:27:27', 1),
(61, 34, 3, 15, '', 2009, '241-AAA', 2, '128207-1909', '065791-9809', 'violeta', '', '', '2016-07-16 22:27:41', 1),
(62, 7, 9, 27, '', 2002, '246-AAB', 2, '029608-0112', '433459-0066', 'amarillo', '', '', '2016-07-16 22:35:44', 1),
(63, 1, 5, 5, 'Alprazolam', 2008, '989-AAA', 2, '384481-2358', '123925-1315', '?ndigo', '', '', '2016-07-18 21:48:46', 1),
(64, 45, 7, 26, 'Methylprednisolone', 2012, '704-AAB', 3, '722914-3248', '468593-2008', '?ndigo', '', '', '2016-07-18 02:25:39', 1),
(65, 35, 9, 22, 'Atenolol', 2003, '275-AAA', 3, '062220-8916', '228286-3121', '?ndigo', '', '', '2016-07-16 10:34:45', 1);

--
-- Restricciones para tablas volcadas
--

--
-- Filtros para la tabla `clientes`
--
ALTER TABLE `clientes`
  ADD CONSTRAINT `fk_clientes_lugares1` FOREIGN KEY (`ciudad`) REFERENCES `lugares` (`id`) ON DELETE NO ACTION ON UPDATE NO ACTION,
  ADD CONSTRAINT `fk_clientes_usuarios1` FOREIGN KEY (`usuario`) REFERENCES `usuarios` (`id`) ON DELETE NO ACTION ON UPDATE NO ACTION;

--
-- Filtros para la tabla `lugares`
--
ALTER TABLE `lugares`
  ADD CONSTRAINT `fk_lugares_lugares1` FOREIGN KEY (`depende`) REFERENCES `lugares` (`id`) ON DELETE NO ACTION ON UPDATE NO ACTION,
  ADD CONSTRAINT `fk_lugares_tipos_lugar1` FOREIGN KEY (`tipo`) REFERENCES `tipos_lugar` (`id`) ON DELETE NO ACTION ON UPDATE NO ACTION;

--
-- Filtros para la tabla `mantenimientos`
--
ALTER TABLE `mantenimientos`
  ADD CONSTRAINT `fk_mantenimientos_registros_ingreso1` FOREIGN KEY (`ingreso`) REFERENCES `registros_ingreso` (`id`) ON DELETE NO ACTION ON UPDATE NO ACTION,
  ADD CONSTRAINT `fk_mantenimientos_tipos_ingreso1` FOREIGN KEY (`tipo`) REFERENCES `tipos_ingreso` (`id`) ON DELETE NO ACTION ON UPDATE NO ACTION,
  ADD CONSTRAINT `fk_mantenimientos_usuarios1` FOREIGN KEY (`mecanico`) REFERENCES `usuarios` (`id`) ON DELETE NO ACTION ON UPDATE NO ACTION,
  ADD CONSTRAINT `fk_mantenimientos_usuarios2` FOREIGN KEY (`usuario_registro`) REFERENCES `usuarios` (`id`) ON DELETE NO ACTION ON UPDATE NO ACTION;

--
-- Filtros para la tabla `registros_ingreso`
--
ALTER TABLE `registros_ingreso`
  ADD CONSTRAINT `fk_registros_ingreso_tipos_ingreso1` FOREIGN KEY (`tipo`) REFERENCES `tipos_ingreso` (`id`) ON DELETE NO ACTION ON UPDATE NO ACTION,
  ADD CONSTRAINT `fk_registros_ingreso_usuarios1` FOREIGN KEY (`recibio`) REFERENCES `usuarios` (`id`) ON DELETE NO ACTION ON UPDATE NO ACTION,
  ADD CONSTRAINT `fk_registros_ingreso_vehiculos1` FOREIGN KEY (`vehiculo`) REFERENCES `vehiculos` (`id`) ON DELETE NO ACTION ON UPDATE NO ACTION;

--
-- Filtros para la tabla `tipos_lugar`
--
ALTER TABLE `tipos_lugar`
  ADD CONSTRAINT `fk_tipos_lugar_tipos_lugar1` FOREIGN KEY (`depende`) REFERENCES `tipos_lugar` (`id`) ON DELETE NO ACTION ON UPDATE NO ACTION;

--
-- Filtros para la tabla `usuarios`
--
ALTER TABLE `usuarios`
  ADD CONSTRAINT `fk_usuarios_rols_usuario` FOREIGN KEY (`rol`) REFERENCES `rols_usuario` (`id`) ON DELETE NO ACTION ON UPDATE NO ACTION;

--
-- Filtros para la tabla `vehiculos`
--
ALTER TABLE `vehiculos`
  ADD CONSTRAINT `fk_vehiculos_clientes1` FOREIGN KEY (`propietario`) REFERENCES `clientes` (`id`) ON DELETE NO ACTION ON UPDATE NO ACTION,
  ADD CONSTRAINT `fk_vehiculos_marcas_vehiculo1` FOREIGN KEY (`marca`) REFERENCES `marcas_vehiculo` (`id`) ON DELETE NO ACTION ON UPDATE NO ACTION,
  ADD CONSTRAINT `fk_vehiculos_tipos_combustible1` FOREIGN KEY (`tipo_combustible`) REFERENCES `tipos_combustible` (`id`) ON DELETE NO ACTION ON UPDATE NO ACTION,
  ADD CONSTRAINT `fk_vehiculos_tipos_vehiculo1` FOREIGN KEY (`tipo`) REFERENCES `tipos_vehiculo` (`id`) ON DELETE NO ACTION ON UPDATE NO ACTION;

/*!40101 SET CHARACTER_SET_CLIENT=@OLD_CHARACTER_SET_CLIENT */;
/*!40101 SET CHARACTER_SET_RESULTS=@OLD_CHARACTER_SET_RESULTS */;
/*!40101 SET COLLATION_CONNECTION=@OLD_COLLATION_CONNECTION */;
